ulasan,kategori,clean
blanja jadi lebih gampang tapi sayang ongkirnya lumayan.,Positif,blanja jadi lebih gampang sayang ongkirnya lumayan
good,Positif,good
"kurir nya gasopan najis, malah marah' bilangnya gua pesen paket dari tgl 2, kocak gua mesen pas tgl 9, ngechat sambil marah katanya 'bikin gondok aja', gua apus shopee gua rating jelek, besok ganti kurir aja admin shopee, digituin kan gaenak, mana mau ngirim paket jam set11 malem, ga sopan, gue tau pesenan orang masi banyak, pake bilang paket gua di cancel aja, gilirian diiyain malah bilang 'bikin gondok aja', kocak rating buat lu 0/10",Negatif,kurir nya gasopan najis malah marah bilang gua sen paket tgl kocak gua mesen pas tgl ngechat marah kata bikin gondok aja gua apus shopee gua rating jelek besok ganti kurir aja admin shopee digituin kan gaenak mana mau ngirim paket jam set malem ga sopan gue tau sen orang mas banyak pake bilang paket gua cancel aja gilirian diiyain malah bilang bikin gondok aja kocak rating buat lu
Semua kebutuhan saya terbantu dengan aplikasi shopee,Positif,semua butuh bantu aplikasi shopee
mantap,Positif,mantap
joosss,Positif,joosss
Aplikasi ini sangat bagus dan memuaskan,Positif,aplikasi sangat bagus muas
"semakin lama shoope amburadul, penjualnya banyak menipu konsumennya, kalau di tanya ,baca dulu diskripsinya, no komplain",Negatif,makin lama shoope amburadul jual banyak tipu konsumen kalau tanya baca dulu skripsi no komplain
lebih murah,Positif,lebih murah
wowwww,Positif,wowwww
"Aplikasi sangat berguna, tapi saran saya ... kalo barang dah gak tersedia baik warna maupun coraknya..bisa diedit oleh penjual ...",Positif,aplikasi sangat guna saran kalo barang dah gak sedia baik warna maupun coraknyabisa edit jual
bagusss,Positif,bagusss
ok,Positif,
"semenjak TDK kerja sama dengan jnt,pake shopee express pengiriman lama,biasanya 3hr sekarang jadi 5hr baru datang.游녩",Negatif,semenjak tdk kerja sama jntpake shopee express kirim lamabiasanya hr sekarang jadi hr baru datang
sangat membatu beraktifitas,Positif,sangat batu beraktifitas
sangat bagus,Positif,sangat bagus
tapi sayang saya gak bisa mendownload shopi,Positif,sayang gak mendownload shopi
Ok,Positif,
"saya suka aplikasi ini cuman saya pesan, paket tidak sampai di alamat saya,terus di kembali kan barangnya ke pembeli, ke napa akun COD saya di batalkan",Negatif,suka aplikasi cuman pesan paket alamat sayaterus kan barang beli napa akun cod batal
mantep,Positif,mantep
baik pertahankan,Positif,baik tahan
menarik,Positif,tarik
"terjadi kesalahan malah tiba tiba pesanan di keranjang malah hilang semua, udah susah susah nyari satu satu malah hilang semua",Negatif,jadi salah malah tiba tiba pesan keranjang malah hilang semua udah susah susah nyari satu satu malah hilang semua
bagus,Positif,bagus
"males sama yg sekarang, awal masuk langsung ke video yg suaranya mesti bikin kaget,, gak bisa di kasih pengaturan lagi kah biar pengguna sendiri yang milih opsi?",Positif,males sama yg sekarang awal masuk langsung video yg suara mesti bikin kaget gak kasih atur biar guna sendiri milih opsi
nice apk,Positif,nice apk
Al Nurdin,Positif,al nurdin
simple dan cepat,Positif,simple cepat
Aplikasinya error berapa kali klik ga kebuka pas kebuka aplikasinya macet. nyebelin,Negatif,aplikasi error berapa kali klik ga buka pas buka aplikasi macet nyebelin
shopee tetap di hati,Positif,shopee tetap hati
bagus,Positif,bagus
Suka enak belanja,Positif,suka enak belanja
"sudah ber tahun tahun pakai shopee yg dari dulu selalu di andalkan dan sudah bertahun tahun member platinum jg tapi sekarang ini malah akun terkena judge dengan adanya akun terindikasi pelanggaran yg padahal akun yg di pakai stardart aja pemakaian nya gak macem macem. tiap orderan selalu di cancel otomatis kalau pakai voucher tambahan, kalau di tanya salah nya di mana malah gak jawab CS nya,Aneh bin ajaib ini admin shopee nya",Negatif,ber tahun tahun pakai shopee yg dulu selalu andal tahun tahun member platinum jg sekarang malah akun kena judge ada akun indikasi langgar yg padahal akun yg pakai stardart aja pakai nya gak macem macem tiap order selalu cancel otomatis kalau pakai voucher tambah kalau tanya salah nya mana malah gak jawab cs nyaaneh bin ajaib admin shopee nya
"dituduh mlkukan hal tidak wajar trs, vocer jg vocer dr dia geje,kelanjutanya gimana sya kok di batalkan lagi ya, sy juga bayar ga ngutang pesen kok dibatalkan trs",Negatif,tuduh mlkukan wajar trs vocer jg vocer dr gejekelanjutanya gimana sya kok batal sy bayar ga ngutang sen kok batal trs
baguss,Positif,baguss
sangat membantu,Positif,sangat bantu
beli barang Harga 55rb sementara ongkir 85rb aneh shopinya,Negatif,beli barang harga rb ongkir rb aneh shopinya
aplikasi nya bagus dan bergna bgi kaum mger,Positif,aplikasi nya bagus bergna bgi kaum mger
"shopee makin lama makin malakin uang penjual dan affiliate nya alasannya juga gak jelas, kebanyakan ngeles",Negatif,shopee makin lama makin malakin uang jual affiliate nya alas gak jelas banyak ngeles
"aduhh gmn si setiap beli paket nyasar Mulu , padahal tu barang penting banget buat sekolah",Negatif,aduhh gmn si beli paket nyasar mulu padahal tu barang penting banget buat sekolah
mantap membantu,Positif,mantap bantu
good servis,Positif,good servis
sangat memuaskan,Positif,sangat muas
well,Negatif,well
memudahkan,Positif,mudah
Byk pilihan,Positif,byk pilih
gokil,Positif,gokil
kangen J&T,Positif,kangen jt
mempermudah dalam belanja,Positif,mudah belanja
"ga usah di downlod aplikasi bobrok,masa dari jakarta ke siantar 10 hari ga nyampe,ga jelas kali,hubungi cs yg jawab AI nya",Negatif,ga usah downlod aplikasi bobrokmasa jakarta siantar hari ga nyampega jelas kalihubungi cs yg jawab ai nya
sangattt bagusss,Positif,sangattt bagusss
sangat bermanfaat dan sangat membatu,Positif,sangat manfaat sangat batu
siiiiiif adanya apk shoope游녨游녨游녨游녨游녨游녨游녨游녨游녨游녨游녨游녨,Positif,siiiiiif ada apk shoope
Bagus sekali,Positif,bagus sekali
"tanya kak, kenapa ya 2hari ini tbtb shopee ku gak bisa dibuka ? selalu mental tiap di buka pdhl ada notif",Positif,tanya kak hari tbtb shopee ku gak buka selalu mental tiap buka pdhl notif
"aplikasi ok,",Positif,aplikasi
mantap aplikasi bagus selama berbelanja selalu lancar dan gak ada masalah sama sekali,Positif,mantap aplikasi bagus lama belanja selalu lancar gak masalah sama sekali
debesttt,Positif,debesttt
mantap deh pokoknya,Positif,mantap deh pokok
belanja murah ..barang orie semoga kedepannya bisa langganan terus,Positif,belanja murah barang orie moga depan langgan terus
"aplikasi paling favorit buat belanja online, sering dapet gratis ongkir bahkan diskos gede gedean, ga habis pikir ada tempat belanja online yang se gong ini, love u deh buat apk shopee ini",Positif,aplikasi paling favorit buat belanja online sering dapet gratis ongkir bahkan diskos gede gede ga habis pikir tempat belanja online se gong love u deh buat apk shopee
kebijakan ke sellernya ga waras,Negatif,bijak sellernya ga waras
keren,Positif,keren
sangat berguna,Positif,sangat guna
oke sangat bagus,Positif,oke sangat bagus
Proses pengembalian dana terlalu bertele tele dan memakan banyak waktu.. tidak ada bintang tambahan,Negatif,proses kembali dana terlalu tele tele makan banyak waktu bintang tambah
Apk anj gak bisa bikin alamat,Negatif,apk anj gak bikin alamat
ok,Positif,
sangat mudah,Positif,sangat mudah
"Aplikasi shopee memang best, dan sangat membantu, terimakasih shopee sudah meringankan urusan ku游똂",Positif,aplikasi shopee memang best sangat bantu terimakasih shopee ringan urus ku
online shop yang bisa memenuhi kebutuhan anda,Positif,online shop penuh butuh
mantap,Positif,mantap
suka,Positif,suka
sesuai pesanan bagus dan cepat,Positif,sesuai pesan bagus cepat
"belanja lebih mudah,bermacam2 yg d butuhkan ada,,??harga terjangkau,,",Positif,belanja lebih mudahbermacam yg d butuh adaharga jangkau
shopee memang mantap,Positif,shopee memang mantap
mantap,Positif,mantap
suka belanja di sini,Positif,suka belanja sini
cukup baik,Positif,cukup baik
"Shopee sekarang semakin buruk, setelah fitur pengiriman jnt express di tiadakan skrang malah fitur cod di tiadakan juga. jadi lebih nyaman pakai aplikasi sebelah buat belanja online",Negatif,shopee sekarang makin buruk fitur kirim jnt express tiada skrang malah fitur cod tiada jadi lebih nyaman pakai aplikasi belah buat belanja online
mntp pool,Positif,mntp pool
bagus saya suka belanja dishopee,Positif,bagus suka belanja dishopee
apk bagus sih cuma kalau masalah toko Shopee nyaaaa游땴游땴游땴,Positif,apk bagus sih cuma kalau masalah toko shopee nyaaaa
pesanan sudah diterima tapi labat dari. jadwal pengiriman....trimksh,Positif,pesan terima labat jadwal pengirimantrimksh
sangat membantu,Positif,sangat bantu
sangat mudah dan murah untuk belanja online,Positif,sangat mudah murah belanja online
aplikasi yg bagus,Positif,aplikasi yg bagus
"Alhamdulillah sangat terbantu meskipun terkadang ketika merubah metode pembayan kok harga jadi sangat banyak selisihnya, kenapa ?",Positif,alhamdulillah sangat bantu meski terkadang rubah metode pembayan kok harga jadi sangat banyak selisih
mantap,Positif,mantap
masa gak ada via dana sih kuno lu anjirrr,Negatif,masa gak via dana sih kuno lu anjirrr
sangat bermanfaat dan saat pengiriman barang sampai tepat wakktu,Positif,sangat manfaat kirim barang tepat wakktu
"tambahin qris dong min, biar ga ribet langsung tinggal scan aja",Negatif,tambahin qris dong min biar ga ribet langsung tinggal scan aja
"setiap buka aplikasinya selalu muncul video di awal, ganggu bngt sih. aplikasinya juga jadi terlalu berat karena banyak fitur-fitur jelek yang ga guna.",Negatif,buka aplikasi selalu muncul video awal ganggu bngt sih aplikasi jadi terlalu berat banyak fiturfitur jelek ga
dk usahh di download dk enak,Negatif,dk usahh download dk enak
baik,Positif,baik
murah meriah游때,Positif,murah riah
good,Positif,good
ok.游녨lngsung acc,Positif,oklngsung acc
tolong yg punya. apk di sortir kurirny yg males saya prihatin masa pengiriman barang sudah 2hr di tunda mulu pedagang yang cuma pajang aj,Negatif,yg punya apk sortir kurirny yg males prihatin masa kirim barang hr tunda mulu dagang cuma pajang aj
kadang rusak kadang bagus,Positif,kadang rusak kadang bagus
good,Positif,good
bjnya like new bahan lembut bagus n dpt bonus pula recomended,Positif,bjnya like new bahan lembut bagus n dpt bonus recomended
"Tolong SHOPEE videonya di Filter lah, enak kan ngeliat Barang barang Yang bikin kita mau belli bukannya malah video Tayangan LAPOR PAK mulu yang muncul. Konten kreator barang racun Shopee Malah ketimpah sama video Begitu. PIHAK SHOPEE harus Filter sih Konten begituan.",Negatif,shopee video filter lah enak kan ngeliat barang barang bikin mau belli bukan malah video tayang lapor pak mulu muncul konten kreator barang racun shopee malah ketimpah sama video pihak shopee filter sih konten begitu
"senang bgt bisa belanja di shopee harga sangat terjangkau terutama ongkirnya juga murah, makasih bnyak buat shopee yg mmbuat hari쑒u jadi happy, gak perlu kluar rumah buat nyari barang yg unik cukup di shopee aja.",Positif,senang bgt belanja shopee harga sangat jangkau utama ongkirnya murah makasih bnyak buat shopee yg mmbuat hari jadi happy gak perlu kluar rumah buat nyari barang yg unik cukup shopee aja
sangat memuaskan,Positif,sangat muas
biar bintang yg bicara,Negatif,biar bintang yg bicara
ngebantu puolll yg mager belanja offline,Positif,ngebantu puolll yg mager belanja offline
membantu,Positif,bantu
"tolong lah kalo masuk apk jangan langsung ke live/video, bikin berat saja apknya",Negatif,lah kalo masuk apk jangan langsung livevideo bikin berat apknya
"kali ini saya suka dengan aplikasi ini, gak usah neko2 lah, yang penting bisa berbelanja berapapun tanpa dikenakan biaya ongkir, plus pelayanan ekspedisi yang ramah dan cepat apalagi kalo ada penawaran menarik dari aplikasi saya merasa puas pertahankan 游녨游녨游녨游녨",Positif,kali suka aplikasi gak usah neko lah penting belanja berapa kena biaya ongkir plus layan ekspedisi ramah cepat kalo tawar tarik aplikasi rasa puas tahan
suka,Positif,suka
shope no 1,Positif,shope no
Mantap,Positif,mantap
shopee sangat membantu sekali,Positif,shopee sangat bantu sekali
"ini tiba2 akun gw di blokir, ga tau kenapa jdi susah buat masuk ke shopee lagi, udah segala macem cara tetep gabisa",Negatif,tiba akun gw blokir ga tau jdi susah buat masuk shopee udah segala macem cara tetep gabisa
mudah 2 . an tambah bagus ke depan ny & lbh baik lgi utk konsumen,Positif,mudah an tambah bagus depan ny lbh baik lgi utk konsumen
"sangat membantu dikala mager n bingung mesti nyari k toko mna yg kita mau, solusinya shopee praktis buat para emak"" yg mager ke aq游봃游똂",Positif,sangat bantu kala mager n bingung mesti nyari k toko mna yg mau solusi shopee praktis buat emak yg mager aq
Shopee berbelanja mudah dan murah tepat waktu,Positif,shopee belanja mudah murah tepat waktu
Mantaf,Positif,mantaf
Tidak meragukan,Positif,ragu
shopee the best,Positif,shopee the best
mudah cepat dan bersaing ini juga sudah baik semoga kedepannya jadi lebih baik游녨 mantap.,Positif,mudah cepat saing baik moga depan jadi lebih baik mantap
bagus untuk membeli saya sudah pesan Dua kali,Positif,bagus beli pesan kali
baik,Positif,baik
mantap,Positif,mantap
saya suka berbelanja disini karena disini sesuai dengan ekspektasi dan harga terjangkau,Positif,suka belanja sini sini sesuai ekspektasi harga jangkau
bagus buat belanja online kecuali GK pernah belanja sihh游때,Positif,bagus buat belanja online gk pernah belanja sihh
jelek,Negatif,jelek
Terpaksa gw Download karena ada yang gw pesan. Semoga tidak mengecewakan,Positif,paksa gw download gw pesan moga kecewa
nyaman belanja d.shopee,Negatif,nyaman belanja dshopee
bagus,Positif,bagus
shopee bagus lengkap mau apa aja ada josss.,Positif,shopee bagus lengkap mau apa aja josss
transaksi mudah,Positif,transaksi mudah
shopee amanah,Positif,shopee amanah
"kebanyakan iklan & tak sesuai iklannya ""gratis ongkir""",Negatif,banyak iklan tak sesuai iklan gratis ongkir
shopi selalu dihati,Positif,shopi selalu hati
payment nya upgrade yuk pake qris biar simpel,Positif,payment nya upgrade yuk pake qris biar simpel
Baik,Negatif,baik
bagus 游뱔,Positif,bagus
saya sangat sering di kasih voucher harganya murah murah waktu sampai nya tepat waktu terus,Positif,sangat sering kasih voucher harga murah murah waktu nya tepat waktu terus
bagus aja,Positif,bagus aja
semua baik baik aja,Positif,semua baik baik aja
aplikasi ini sangat membantu trima ksih,Positif,aplikasi sangat bantu trima ksih
is the best,Positif,is the best
ma ntap,Positif,ma ntap
"Cara verifikasi akun dengan KTP sangat sulit, saya menggunakan samsung j1 ace. By :anak Demak",Positif,cara verifikasi akun ktp sangat sulit guna samsung j ace by anak demak
"saya sangat menyukai aplikasi Shopee, adanya aplikasi Shopee kita bisa belanja terus游땎",Positif,sangat suka aplikasi shopee ada aplikasi shopee belanja terus
waah keren,Positif,waah keren
"shopee memang mantap walaupun kadang lambat pengiriman kadang cepat juga tergantung wilayah,,pokoknya isthebest lah ..shopee apalagi kurirnya ramah. ramah...pokoknya siiiplah......",Positif,shopee memang mantap walaupun kadang lambat kirim kadang cepat gantung wilayahpokoknya isthebest lah shopee kurir ramah ramahpokoknya siiiplah
"saya ragu"" beli barang",Positif,ragu beli barang
baik,Positif,baik
good,Positif,good
"sangat sekali membantu,namun saya harap dj bantu barang yamg berkualitas dan real",Positif,sangat sekali membantunamun harap dj bantu barang yamg kualitas real
bagus...,Positif,bagus
bagus,Positif,bagus
semakin jaya,Positif,makin jaya
sngt bermaat shopee bgi sya,Positif,sngt bermaat shopee bgi sya
mantap,Positif,mantap
udah kecintaan banget sama shopee wkwkwk游비,Positif,udah cinta banget sama shopee wkwkwk
Mantap....,Positif,mantap
mantap,Positif,mantap
mantap bgt,Positif,mantap bgt
"sesuai jadwal barang datang dan, tidak rusak.",Positif,sesuai jadwal barang datang rusak
puas belanja di sini,Positif,puas belanja sini
"selama ini oke aja belanja disini, smpe satu saat mengalami kendala. penjual sengaja ngirim barang ga lengkap pdhl uang udh di tf dan saat itu saya ga sengaja klik pesanan selesai akhirnya dana diserahkan ke penjual, dan setelah komunikasi ke penjual emng niatnya mau nipu uang saya ga dikembalikan, coba minta bantuin shopee smpe udh laporin toko nya tp gaada tanggepan dari pihak shopee, pihak shopee tidak mau membantu atas permasalahan sya, jadi males belanja disini lagi:)",Negatif,lama oke aja belanja sini smpe satu alami kendala jual sengaja ngirim barang ga lengkap pdhl uang udh tf ga sengaja klik pesan selesai akhir dana serah jual komunikasi jual emng niat mau nipu uang ga kembali coba minta bantuin shopee smpe udh laporin toko nya tp gaada tanggepan pihak shopee pihak shopee mau bantu atas masalah sya jadi males belanja sini
lebih mudah belanja tanpa ribet,Positif,lebih mudah belanja ribet
shoppe is the best,Positif,shoppe is the best
sangat membantu pengetahuan saya4,Positif,sangat bantu tahu
Aplikasi sangat membantu,Positif,aplikasi sangat bantu
ok bgt,Positif,bgt
bagus,Positif,bagus
lumayan bagus lah jawaban ku singkat padat tapi benar,Positif,lumayan bagus lah jawab ku singkat padat benar
sangat bgus bngett,Positif,sangat bgus bngett
sangat bagus onek,Positif,sangat bagus onek
bagussss,Positif,bagussss
sfopee bagus toko tokonya sangat jujur dikirim sesuai dg yg dipesan saya tidak pernah kecewa dan sangat membantu,Positif,sfopee bagus toko toko sangat jujur kirim sesuai dg yg pes pernah kecewa sangat bantu
"sangat mengecewakan !!! akun penjual di batasi karena menjual barang yang tidak diperbolehkan , padahal baru pertama kali melakukan kesalahan karena belum tau perihal peraturan tersebut ,diminta buat surat pernyataan dan sudah dibuat tapi tidak ada perubahan. akun pembeli juga kena imbasnya Spinjam dan Paylater tidak bisa digunakan juga. tidak ada peneguran keras seperti jika mengulangi lagi baru di batasi tapi baru sekali langsung di batasi. pelayanan sangat menurun dibandingkan dulu",Negatif,sangat kecewa akun jual batas jual barang boleh padahal baru pertama kali laku salah tau perihal atur sebut minta buat surat nyata buat ubah akun beli kena imbas spinjam paylater guna tegur keras ulang baru batas baru sekali langsung batas layan sangat turun banding dulu
bagus,Positif,bagus
"belanja cerdas, akurat dan memuaskan",Positif,belanja cerdas akurat muas
"selaluu yg terbaik,, terimakasih shopee.. terimaksih Abang kurirrr游똂游똂",Positif,selaluu yg baik terimakasih shopee terimaksih abang kurirrr
the best pokoknya shopee,Positif,the best pokok shopee
puas blja disini 游녨游녨,Positif,puas blja sini
setiap kali saya pesan menggunakan shopeepay dan spaylater pasti pesanan saya tidak pernah diantar ataupun dichat... baru kali ini diginiin 游땫游,Negatif,kali pesan guna shopeepay spaylater pesan pernah antar atau dichat baru kali diginiin
cara belanja praktis tinggal pencet hp,Positif,cara belanja praktis tinggal pencet hp
terbaik pelayanan cepat,Positif,baik layan cepat
sangaaatt membantuu bermanfaat utk smua쑕ya sy tdk pernah psn kemana always shopee,Positif,sangaaatt membantuu manfaat utk smuanya sy tdk pernah psn always shopee
mantap,Positif,mantap
sangat bagus dan membantu,Positif,sangat bagus bantu
mudah di gunakan. terpercaya,Positif,mudah guna percaya
bagus banget sii bikin ketagihan wkwk,Positif,bagus banget sii bikin tagih wkwk
bagus sanga baik,Positif,bagus sanga baik
belanja di shopee sangat lah puas ....,Positif,belanja shopee sangat lah puas
sangat suka,Positif,sangat suka
pelayanan sangat memuaskan..,Positif,layan sangat muas
jelek,Negatif,jelek
mksih shopi,Positif,mksih shopi
bagus,Positif,bagus
untuk pengembalian barang dan dana gak terlalu akurat punyaku udah tak kembalikan barangnya yang gak sesuai tapi ditolak,Negatif,kembali barang dana gak terlalu akurat punya udah tak kembali barang gak sesuai tolak
top abis,Positif,top abis
brgnya bgs dan cpt smp,Positif,brgnya bgs cpt smp
layanan nya cepat 游봃kurir nya ramah terimakasih 游똂,Positif,layan nya cepat kurir nya ramah terimakasih
"Setelah di Update Shopee versi terbaru lebih cepat, seneng belanja di Shopee ada Gratis Ongkir 游녨游녨游녨",Positif,update shopee versi baru lebih cepat neng belanja shopee gratis ongkir
shopee sangat bagus sekali,Positif,shopee sangat bagus sekali
mantap,Positif,mantap
shoppe tolong dong ini kenapa shoppe ku melakukan foto otomatis dari tadi pagi sampai malam tolong diurus dong bug atau emang ada oknum yang menyalah gunakannya,Positif,shoppe dong shoppe ku laku foto otomatis tadi pagi malam urus dong bug emang oknum salah guna
mantappp,Positif,mantappp
sangat puas,Positif,sangat puas
ok bagus sangat membantu untuk belanja online,Positif,bagus sangat bantu belanja online
top MarkotooooP,Positif,top markotoooop
good,Positif,good
suka sekaliii,Positif,suka sekaliii
mantap 游녨,Positif,mantap
goodjob,Positif,goodjob
shopee merupakan aplikasi yg lebih baik !,Positif,shopee rupa aplikasi yg lebih baik
kenapa klw di apdet ngk bisa,Negatif,klw apdet ngk
krang,Negatif,krang
bagus,Positif,bagus
lebih banyak barang yang bagus ya!,Positif,lebih banyak barang bagus
"SPX knp ampas banget sih? berkali2 pesanan dibatalkan krna paket hilang. belum lagi saat barang sudah di agen terdekat, tapi kurir tunda2 buat antar ke alamat. jelek parah pelayanannya",Negatif,spx knp ampas banget sih kali pesan batal krna paket hilang barang agen dekat kurir tunda buat antar alamat jelek parah layan
Shopee sangat membantu sekali,Positif,shopee sangat bantu sekali
saya ga bisa transaksi . saya juga ga bisa kirim uang dari shopeepay,Negatif,ga transaksi ga kirim uang shopeepay
cepat pengirimannya,Positif,cepat kirim
saya sangat suka dgn shopee cepat dan tepat,Positif,sangat suka dgn shopee cepat tepat
shopee is the best,Positif,shopee is the best
respon cepat游,Positif,respon cepat
sangat baik good luck,Positif,sangat baik good luck
sangat memuaskan,Positif,sangat muas
sampai saat ini belanja di shopee belum ada yg mengecewakan,Positif,belanja shopee yg kecewa
"kesel, gabisa verifikasi wajah, cape",Negatif,kesel gabisa verifikasi wajah cape
skrng gajelas Shopee pengiriman nya lambat trus suka ditunda mulu 游땫游땫游땫,Negatif,skrng gajelas shopee kirim nya lambat trus suka tunda mulu
"mantap, sangat berguna",Positif,mantap sangat guna
sangat dipercaya,Positif,sangat percaya
aplikasi sangat keren...pokoknya wajib kiranya di download sobat,Positif,aplikasi sangat kerenpokoknya wajib kira download sobat
bagus,Positif,bagus
游녨游녨,Positif,
"Mudah, sangat membantu",Positif,mudah sangat bantu
Sangat bagus,Positif,sangat bagus
"Promo gratis ongkir ga ada auto uninstall ga guna ,boros kuota banget, parah flash sale mobil cuma hoax OMON omon nipu",Negatif,promo gratis ongkir ga auto uninstall ga boros kuota banget parah flash sale mobil cuma hoax omon omon nipu
shope mantap,Positif,shope mantap
baguss,Positif,baguss
mantap,Positif,mantap
good,Positif,good
puas dengan segala belanjaan semuanya saya suka saya sangat puas barang terjamin bermutu,Positif,puas segala belanja semua suka sangat puas barang jamin mutu
"sangat membantu saya untuk mencari apa yang mau saya beli, terima kasih shopee",Positif,sangat bantu cari apa mau beli terima kasih shopee
belanja diecast semoga makin banyak diskon diecast nya AMIN 游똂,Positif,belanja diecast moga makin banyak diskon diecast nya amin
"Setidaknya, saya dapat rezeki dari sini",Positif,rezeki sini
terima kasih shope seslalu .menjadi andalan sya dan pengiriman cepat 游녨游녨游녨,Positif,terima kasih shope seslalu jadi andal sya kirim cepat
shopee游녨游낕游녨游낕,Positif,shopee
untuk saat ini pokonya yg paling the best smoga kedepanya banyak diskon menarik,Positif,poko yg paling the best smoga depa banyak diskon tarik
mantappp,Positif,mantappp
Pokoknya Shoope The Best dalam memenuhi kebutuhan kami. Bisa kredit dgn mudah tanpa ribet 游삟,Positif,pokok shoope the best penuh butuh kredit dgn mudah ribet
mantap,Positif,mantap
"mantap barang nya ,sesuai sama harga nya ,",Positif,mantap barang nya sesuai sama harga nya
manntap,Positif,manntap
mantab,Positif,mantab
bagus barang sesuai ekspektasi tapi sayang yang sampai tujuan lama,Positif,bagus barang sesuai ekspektasi sayang tuju lama
makasih selama ini telah menemani,Positif,makasih lama tani
"Bagus pelayanan sellernya, gercep. Harga murah, ada gratis ongkir. Terimakasih ada layanan COD juga.",Positif,bagus layan sellernya gercep harga murah gratis ongkir terimakasih layan cod
shopee sangat bagus untuk berbelanja dan juga mendapat kan vocer biar dapat potongan harga!!,Positif,shopee sangat bagus belanja dapat kan vocer biar potong harga
Alhamdulillah hirobil alam min saya bisa belanja online ada ya,Positif,alhamdulillah hirobil alam min belanja online
bagus,Positif,bagus
oke banget,Positif,oke banget
gjls sistem shope pay ny,Negatif,gjls sistem shope pay ny
i like,Positif,i like
AKUN TIBA TIBA KELAUR DI MASUKIN SANDI SALAH TERUS PADAHAL SANDINYA BENER SAMPE UJUNG UJUNGNYA AKUN DI BLOKIRRRR ADA SALDO 200K ILANG DI KORUPSI SHOPEE !!!!!,Negatif,akun tiba tiba laur masukin sandi salah terus padahal sandi bener sampe ujung ujung akun blokirrrr saldo k ilang korupsi shopee
sangat baik sekali belanja online tidak ribet,Positif,sangat baik sekali belanja online ribet
"ku uninstall soalnya iklan dimana-mana pas nonton film iklan selalu masuk ke toko yang ada di Shopee tolong perbaiki lagi regulasi nya 游똂, sangat menggangu",Negatif,ku uninstall soal iklan dimanamana pas nonton film iklan selalu masuk toko shopee baik regulasi nya sangat menggangu
sangat membantu dalam order,Positif,sangat bantu order
Alhamdulillah semenjak ada shopee belanja online lebih mudah dan muraah banyak promonya banyak coin foucer gratiisnya. thanks shopee semoga sukses terus yaa,Positif,alhamdulillah semenjak shopee belanja online lebih mudah muraah banyak promonya banyak coin foucer gratiisnya thanks shopee moga sukses terus yaa
memuaskan belanja jadi mudah,Positif,muas belanja jadi mudah
bagus keren apk ny,Positif,bagus keren apk ny
belanja online praktis,Positif,belanja online praktis
SIIIP,Positif,siiip
cukup baik,Positif,cukup baik
very god,Positif,very god
"Shopee sangat memuaskan konsumen, selalu langganan kesini kalau beli produk online 游땘",Positif,shopee sangat muas konsumen selalu langgan kesini kalau beli produk online
sangat bagus,Positif,sangat bagus
pake shopee pembayaran mudah aman & amanah terimakasih,Positif,pake shopee bayar mudah aman amanah terimakasih
bagus 游뱔游녨,Positif,bagus
"pesanannya cepat,harganya hemat, kurirnya mantap,tapi ada satu yg kurang,diskonnya kurang gede xixixi canda om shopee pokonya the best dehh..... mantap 游녨游녨游녨",Positif,pesan cepatharganya hemat kurir mantaptapi satu yg kurangdiskonnya kurang gede xixixi canda om shopee poko the best dehh mantap
pelayanan oke 游녨游녨游녨,Positif,layan oke
penjualan sangat membantu usaha dagang pemula,Positif,jual sangat bantu usaha dagang mula
ok,Positif,
saya sangat puas belanja dishopee,Positif,sangat puas belanja dishopee
"sejak shopee pake expedisi sendiri ya Allah lambatttttttt betul bisa 10 hari pdhl deket tpi 10 hari bener sekarang turun bgt performa kalian, makin lama tuh harusnya makin bagus bukan makin ancur mana semua di naikin biaya쑕ya tpi pengiriman lama bgt tolong lah kyk gt bagus skrang knp makin ancur ga costumer ga pejual jdi males tiap pengiriman selalu lama",Negatif,sejak shopee pake expedisi sendiri allah lambatttttttt betul hari pdhl deket tpi hari bener sekarang turun bgt performa kalian makin lama tuh harus makin bagus bukan makin ancur mana semua naikin biaya tpi kirim lama bgt lah kyk gt bagus skrang knp makin ancur ga costumer ga jual jdi males tiap kirim selalu lama
"Sudah banyak peningkatan pelayanan dishopee skrg, mdh2n kedepannya lebih baik lagi dan makin mengedepankan kepuasan konsumen.",Positif,banyak tingkat layan dishopee skrg mdhn depan lebih baik makin depan puas konsumen
80% puas,Positif,puas
baik cara cod lagi gimana iya fitur cod saya ngak bisa,Positif,baik cara cod gimana iya fitur cod ngak
ok mantap,Positif,mantap
Tolong di atur Cod nya bayar di tempat dong,Positif,atur cod nya bayar tempat dong
sangat penting,Positif,sangat penting
jujur sangat menyukai shopee.mudah amanah,Positif,jujur sangat suka shopeemudah amanah
top,Positif,top
sangat memuaskn,Positif,sangat memuaskn
mantap,Positif,mantap
pkoneee mntapp poolll,Positif,pkoneee mntapp poolll
barang nya bagus dan aplikasi nay ramah,Positif,barang nya bagus aplikasi nay ramah
bagus,Positif,bagus
Belanja di shopee memang ok,Positif,belanja shopee memang
"shopee ini sangat2 membantu aq bgt , di saat aq lg punya baby jd gak harus keluar rumah malah sdh smpe didepan rumah yg di beli , makasih shopee lancar trss",Positif,shopee sangat bantu aq bgt aq lg punya baby jd gak keluar rumah malah sdh smpe depan rumah yg beli makasih shopee lancar trss
prodak nya bagus dan harga bisa bersaing dengan toko offline,Positif,prodak nya bagus harga saing toko offline
bagus,Positif,bagus
cari driver shopefood susah amat dah weh,Negatif,cari driver shopefood susah dah weh
sangat membantu bagi saya maju terus,Positif,sangat bantu maju terus
sangat puas,Positif,sangat puas
游녨,Positif,
the best,Positif,the best
ok,Positif,
"lebih mudah mendapat barang yg kita cari, tanpa harus susah payah ke toko toko utk menyakan stok",Positif,lebih mudah dapat barang yg cari susah payah toko toko utk nyak stok
membantu memenuhi kebutuhan rumah tangga tanpa repot keluar,Positif,bantu penuh butuh rumah tangga repot keluar
ok,Positif,
bagus aplikasinya,Positif,bagus aplikasi
Ok,Positif,
kenapa jnt di hapus,Negatif,jnt hapus
okeee,Positif,okeee
kenapa pas mau belanja uang yg disaldo ga bisa dipake malah suruh nyari pilihan pembayaran.ko makin aneh aplikasinya jadi males lagi belaja di ini app oren,Negatif,pas mau belanja uang yg saldo ga dipake malah suruh nyari pilih pembayaranko makin aneh aplikasi jadi males baja app oren
dengan apk ini sangat bermanfaat sekali....,Positif,apk sangat manfaat sekali
katanya sesuai estimasi di iklan nya lah di dunia nyata enggak,Negatif,kata sesuai estimasi iklan nya lah dunia nyata enggak
"sekarang udh mulai susah dpt voucher diskon, meskipun udh join shopee VIP ujung""nya juga tetep susah dpt",Negatif,sekarang udh mulai susah dpt voucher diskon meski udh join shopee vip ujung tetep susah dpt
"tolong dilihat sejarah akun saya, gara-gara spx gagal antar kenapa akun saya yang disalahkan. kalau spx timika yg gagal antar mungkin salah saya, tapi ini spx jakarta yg tidak mampu menerbangkan paket saya!!! tolong lihat sejarah akun saya dan aktifkan kembali COD saya.",Negatif,lihat sejarah akun garagara spx gagal antar akun salah kalau spx timika yg gagal antar mungkin salah spx jakarta yg mampu terbang paket lihat sejarah akun aktif cod
Pelayanan bagus,Positif,layan bagus
semoga sukses,Positif,moga sukses
belanja jadi lebih mudah dan murah. respon begitu cepat. mantap...!,Positif,belanja jadi lebih mudah murah respon cepat mantap
senang sekali bisa belanja di shopee karena bisa belanja dengan mudah & murah gratis ongkir juga.. terimakasih shopee,Positif,senang sekali belanja shopee belanja mudah murah gratis ongkir terimakasih shopee
hebat,Positif,hebat
semoga sukses selalu,Positif,moga sukses selalu
"sesudah update malah chat ke pelapak skrng jd susah, tdk seperti sblmnya, klu spt ini kayaknya pindah aplikasi aja ya kali",Negatif,update malah chat lapak skrng jd susah tdk sblmnya klu spt kayak pindah aplikasi aja kali
"mantap, semoga selalu amanah ya Shopee",Positif,mantap moga selalu amanah shopee
"rate 2 dulu, belanja d Shopee enak banyak voucher juga minus d pengiriman nya, dah 6 hari paket blm sampe juga, padahal posisi pemberhentian terakhir sampe ke rumah cuma 40 menit, ttp aja 3 an g d proses d sana.",Negatif,rate dulu belanja d shopee enak banyak voucher minus d kirim nya dah hari paket blm sampe padahal posisi henti akhir sampe rumah cuma menit ttp aja an g d proses d sana
"bagus secara aplikasi games,belanja, shoping lengkap..",Positif,bagus aplikasi gamesbelanja shoping lengkap
"praktis, murah",Positif,praktis murah
Pelayanan sangat memuaskan tak pernah sekalipun aku kecewa,Positif,layan sangat muas tak pernah sekalipun aku kecewa
"Sangat puas, pesanan sesuai dengan barang yang dipesan dan tepat waktu",Positif,sangat puas pesan sesuai barang pes tepat waktu
murah murah barangnya,Positif,murah murah barang
penangangan customer service nya dalam penanganan kurir shopee nya top jempolan gercep.,Positif,penangangan customer service nya tangan kurir shopee nya top jempol gercep
knp uang di sophee pay saya sula hilang seribu...seribu...seribu..,Negatif,knp uang sophee pay sula hilang seribuseribuseribu
Murah tepat waktu dan mudah,Positif,murah tepat waktu mudah
terbaik,Positif,baik
hrgy terjangkau,Positif,hrgy jangkau
mntuull,Positif,mntuull
Terimakasih,Positif,terimakasih
baik,Positif,baik
terimakasih sdh dimudahkan,Positif,terimakasih sdh mudah
bagus pelayanan shopee maju terus agar cutomer bertambah banyak,Positif,bagus layan shopee maju terus cutomer tambah banyak
Terima kasih Shopee 游땒,Positif,terima kasih shopee
Sangat Profesional,Positif,sangat profesional
shopee memuaskan terima kasih,Positif,shopee muas terima kasih
perhatikan jasa kirim shopee kalo kebiasaan gagal pengantaran blokir aja jasa kirim dari shope.. bukan skali gagal pengiriman tapi tiap mesen paket jalur sicepat pasti ada kata gagal kirim perhatikan baik baik.,Negatif,perhati jasa kirim shopee kalo biasa gagal antar blokir aja jasa kirim shope bukan skali gagal kirim tiap mesen paket jalur sicepat kata gagal kirim perhati baik baik
sungguh sangat penting,Positif,sungguh sangat penting
baru kali ini pesanan saya ditunda Ampe 2 hari padahal udah Deket sekitar 800 meteran malah di tunda nyampe 2hari,Negatif,baru kali pesan tunda ampe hari padahal udah deket meter malah tunda nyampe hari
sangat cepat menanggapi masalah pembeli游녨游녨游녨,Positif,sangat cepat tanggap masalah beli
"cukup bintang bersinar di malam hari, cukup bintang yang jelaskan,, intinya mantap jaya shopee,,游땒",Positif,cukup bintang sinar malam hari cukup bintang jelas inti mantap jaya shopee
apk bagus mudah di gunakan saran no tlfn kurir di cantumkan jadi mudah untuk menghubungi,Positif,apk bagus mudah guna saran no tlfn kurir cantum jadi mudah hubung
mantap,Positif,mantap
mantap,Positif,mantap
berguna sekali,Positif,guna sekali
sangat bermanfaat,Positif,sangat manfaat
"suka banget sama aplikasi ini, sangat memuaskan.",Positif,suka banget sama aplikasi sangat muas
Bagus mantap,Positif,bagus mantap
"sangat membantu..., ok, mantaab...!!!",Positif,sangat bantu mantaab
guuuud,Positif,guuuud
"gausah ada fitur asisten ai, malah jadinya ga ada notif , jawaban ga nyambung",Negatif,gausah fitur asisten ai malah jadi ga notif jawab ga nyambung
goof lah,Positif,goof lah
barang selalu amanah,Positif,barang selalu amanah
enak,Positif,enak
sangat membantu,Positif,sangat bantu
bagus,Positif,bagus
belanja aman dan terpercaya,Positif,belanja aman percaya
"Sya kecewa beli hp vivo Y66 di shopee tnyata hp nya rakitan shopee ko bisa nya menipu konsumen,??? ... !!!, Klo hp rakitan lebih baik di bakar gk usah di jual, wa nya gk bisa di pkai sya dh beli 4 krtu di spam trs, krna yg merakit hp ini dh tau no tlp dan akun sya, mohon di bls dan shopee hrs gnti rugi krna biar nm shopee bgs di kalangn masyarakt, sya minta di pulngkan lg hp ini buat apa klo gk bisa di WA cuma di fb aja, wa kan sngt penting buat bisnis kbr lain dgn saudara dan tmn"" paham, bls",Negatif,sya kecewa beli hp vivo y shopee tnyata hp nya rakit shopee ko nya tipu konsumen klo hp rakit lebih baik bakar gk usah jual wa nya gk pkai sya dh beli krtu spam trs krna yg rakit hp dh tau no tlp akun sya mohon bls shopee hrs gnti rugi krna biar nm shopee bgs kalangn masyarakt sya minta pulngkan lg hp buat apa klo gk wa cuma fb aja wa kan sngt penting buat bisnis kbr dgn saudara tmn paham bls
sangat membantu kepada saya yg tinggal di pulau gratis ongkir trs ya 游때terima kasih shopee 游똂,Positif,sangat bantu yg tinggal pulau gratis ongkir trs terima kasih shopee
"seneng banget sekarang shopee banyak promo, banyak gratis ongkir, tpi maaf bangett pengiriman agak lama tapi aku ttep masih pake jasa shopee meskipun J&T sudah tidak beroperasi dengan shopee lagi.. Makasih Shopee",Positif,neng banget sekarang shopee banyak promo banyak gratis ongkir tpi maaf bangett kirim lama aku ttep pake jasa shopee meski jt operasi shopee makasih shopee
baguss,Positif,baguss
sangat membantu bangett,Positif,sangat bantu bangett
"bagus banget, sesuai kebutuhan",Positif,bagus banget sesuai butuh
oke,Positif,oke
游녨游녨,Positif,
baik,Positif,baik
Alhamdulillah 游 Rata **Penjual nya di Shopee Amanah & lumayan memuaskan customer nya 游녨 Barakallahu fiik,Positif,alhamdulillah rata jual nya shopee amanah lumayan muas customer nya barakallahu fiik
sangat membantu,Positif,sangat bantu
fav ecommerce,Positif,fav ecommerce
Ok,Positif,
barang sesuai pesanan,Positif,barang sesuai pesan
kontooooooolll,Negatif,kontooooooolll
aplikasi ini terlalu lemot bila login dan kebanyakan iklan !!!!,Negatif,aplikasi terlalu lot bila login banyak iklan
sangat membantu..puas dengan shopy,Positif,sangat membantupuas shopy
Terimakasih Shopee,Positif,terimakasih shopee
sangat membantu berbelanja online,Positif,sangat bantu belanja online
Mantap,Positif,mantap
"aplikasinya bagus,saya suka berbelanja dishopee tapi kenapa di aplikasi shopee saya, kok shopepay saya cuma dapat 3x cicilan,,tidak sampai 12x cicilan,",Positif,aplikasi bagussaya suka belanja dishopee aplikasi shopee kok shopepay cuma x cicilantidak x cicil
good,Positif,good
mantap,Positif,mantap
"bintang satu, sampe akun yg di bekukan sementara aktiv lg, baru bintang 10",Negatif,bintang satu sampe akun yg beku aktiv lg baru bintang
Shopee mohon lebih di tingkatkan ya mohon di cantumkan nomor kurir di rincihan pesanan ya,Negatif,shopee mohon lebih tingkat mohon cantum nomor kurir rincih pesan
"pembayaran nya tambahin dana, gopay, ovo min",Positif,bayar nya tambahin dana gopay ovo min
sangat...memuaskan belanja di sopie..termurah terbaik...,Positif,sangatmemuaskan belanja sopietermurah baik
"ubah alamat saya, supaya setiap keluar uang sia, aplikasi penipu",Negatif,ubah alamat keluar uang sia aplikasi tipu
sangat mudah,Positif,sangat mudah
pokoknya mantul,Positif,pokok mantul
aplikasi gajelas ga minat pengiriman sangat lambat,Negatif,aplikasi gajelas ga minat kirim sangat lambat
Lengkap dan banyak harga yg murah,Positif,lengkap banyak harga yg murah
"banyak Bug buka apapun (Keranjang, pesanan dll) selalu buffering layar putih dan tolong search engine diperbaiki jangan hanya menggunakan kata umum sehingga saat mencari kata spesifik tidak ada yang muncul. saya mencari buku Hyperion karya Dan simmons tidak muncul (bahkan mencari kata hyperion saja tidak muncul apa-apa) tapi saat di search di google buku tersebut ada dengan nama yang sama di Shopee.",Negatif,banyak bug buka apa keranjang pesan selalu buffering layar putih search engine baik jangan guna kata umum cari kata spesifik muncul cari buku hyperion karya simmons muncul bahkan cari kata hyperion muncul apaapa search google buku sebut nama sama shopee
bagus,Positif,bagus
mantaaap,Positif,mantaaap
mantap,Positif,mantap
"Shopee oke, mudah, simple, mantep",Positif,shopee oke mudah simple mantep
"Ini Pengiriman Kurir SPX Reguler/Hemat sangat menyusahkan para Penjual, Drop Point-nya banyak yg sudah TUTUP dan tidak ada pilihan Pick Up by Kurir'nya, mendingan Paket'nya dapat di Drop di seluruh Gerai Alfamart saja, supaya tidak menyusahkan para Seller'nya ini, atau Pembeli diberikan pilihan Kurir lain seperti J&T, Anteraja, dan ID Express, itu jauh lebih bagus.",Positif,kirim kurir spx regulerhemat sangat susah jual drop point banyak yg tutup pilih pick up by kurir mending paket drop seluruh gerai alfamart susah sellernya beli beri pilih kurir jt anteraja id express jauh lebih bagus
"aplikasi ini sangat membantu untuk kaum mager seperti saya, plus banyak promo dan banyak pilihan barang, namun sayangnya kadang ada penjual yang kurang ramah dan pengiriman yang berbeda dari dulu.",Positif,aplikasi sangat bantu kaum mager plus banyak promo banyak pilih barang sayang kadang jual kurang ramah kirim beda dulu
bagus baik,Positif,bagus baik
terus tingkat lagi promo2 gratis ongkirnya pee..lalu banyak2in pula promo2 voucher murah meriah pee..krn program 5.5 saya mau shooping lagi pee.,Positif,terus tingkat promo gratis ongkirnya peelalu banyakin promo voucher murah riah peekrn program mau shooping pee
"pengiriman cepat,ok",Positif,kirim cepatok
Brg cpt nyampenya.,Positif,brg cpt nyampenya
banyak gratis ongkirnyaa,Positif,banyak gratis ongkirnyaa
saya suka Shopee kasih saya diskon 80 - 90 % ya,Positif,suka shopee kasih diskon
bagussssssssss,Negatif,bagussssssssss
selama beli makanan ringan bagus terus,Positif,lama beli makan ringan bagus terus
baik amanah,Positif,baik amanah
beberapa kali shopping online dengan shopee.... cukup baik untuk layanan kepada konsumen... semoga semakin baik kedepannya...dan terus jaya,Positif,beberapa kali shopping online shopee cukup baik layan konsumen moga makin baik kedepannyadan terus jaya
sangat membantu,Positif,sangat bantu
sering. belanja sini to kok bnyak problem,Positif,sering belanja sini to kok bnyak problem
sangat puas,Positif,sangat puas
belanja makin mudah,Positif,belanja makin mudah
"Shopee sangat membantu sekali dalam hal cari barang, cuma aplikasi sangat berat",Positif,shopee sangat bantu sekali cari barang cuma aplikasi sangat berat
bagus,Positif,bagus
游녨,Positif,
mantap,Positif,mantap
jaga kualitas pesanan yg bermutu,Positif,jaga kualitas pesan yg mutu
mantap shopee super cepat,Positif,mantap shopee super cepat
sesuai dengan harga,Positif,sesuai harga
good,Positif,good
saya suka belanja di Shopee,Positif,suka belanja shopee
terbaik,Positif,baik
sangat membantu,Positif,sangat bantu
aplikasi ini sangat membantu,Positif,aplikasi sangat bantu
gas terus Shopee,Positif,gas terus shopee
mantabs,Positif,mantabs
Bermanfaat dan mempermudah dalam usaha atau belanja saya,Positif,manfaat mudah usaha belanja
cepat penangananya,Positif,cepat penangananya
mantap,Positif,mantap
mantap,Positif,mantap
saya senang pelayanan cod shopee bisa pesan apasaja tepat waktu lancar dan kwalitas barang terjaga shopee jawaban keinginan blanja onlane terbaik kurirnya juga ramah,Positif,senang layan cod shopee pesan apasaja tepat waktu lancar kwalitas barang jaga shopee jawab ingin blanja onlane baik kurir ramah
sangat memuaskan,Positif,sangat muas
JNT EXPRES PADAHAL YANG TERBAIK KOK MALAH DI HILANGKAN... SPX DLL RIBET DAN LAMA... SAYA SELALU BELANJA DI SHOPEE PAKAI JNT EXSPRES TIDAK PERNAH MENGECEWAKAN... JASA KIRIM TERBAIK MALAH DI HILANGKAN... JASA KIRIM YANG BERMASALAH MALAH DI PERTAHANKAN... HARUSNYA NINJA DAN SI CEPAT YG DI HAPUS BUKAN JNT,Negatif,jnt expres padahal baik kok malah hilang spx ribet lama selalu belanja shopee pakai jnt exspres pernah kecewa jasa kirim baik malah hilang jasa kirim masalah malah tahan harus ninja si cepat yg hapus bukan jnt
gacorr lee,Positif,gacorr lee
"sesuai pesanan, tepat waktu n kurir ramah",Positif,sesuai pesan tepat waktu n kurir ramah
shoppe food nya lama bgt skrg proses nya,Negatif,shoppe food nya lama bgt skrg proses nya
Sangat membantu,Positif,sangat bantu
bagus dan gk ngecewain,Positif,bagus gk ngecewain
sya senang dengan aplikasi ini,Positif,sya senang aplikasi
good,Positif,good
"time analisah shopee kenapa spaylater saya dibatasin/dibekukan tanpa batas waktu, degan alasan ada riwayat keterlambatan...apakah orang gak boleh salah... saya diakun sebelah pernah keterlambatan tapi sangsi nya cuma 1 bulan aja, setelah itu langsung aktif lgh dan kasih pasilitas lgh.",Positif,time analisah shopee spaylater dibatasindibekukan batas waktu degan alas riwayat keterlambatanapakah orang gak salah akun belah pernah lambat sangsi nya cuma bulan aja langsung aktif lgh kasih pasilitas lgh
baik,Positif,baik
sangat membantu dan mudah di akses,Positif,sangat bantu mudah akses
99%游녨,Positif,
bagus bisa shoping,Positif,bagus shoping
Oke,Positif,oke
lambat ngirimnya,Positif,lambat ngirimnya
"min kenapa kurir spx nya kagak dtraining dlu soalnyaa bayar cod gk ssuai smaa harga yg tertera masa lebihan uangnyaa buat dia ,emang sekarang pakai ongkir lgi kh diluar shopee.manaa paket sayaa salah alamat malah diiizinkn dbuka dtempat sma org yg salah, padahal gak ad cod cek dlu .saya kecewa sekali sma pelayanan spxnya mending jnt.balikin jnt lgi",Negatif,min kurir spx nya kagak dtraining dlu soalnyaa bayar cod gk ssuai smaa harga yg tera masa lebih uangnyaa buat emang sekarang pakai ongkir lgi kh luar shopeemanaa paket sayaa salah alamat malah diiizinkn dbuka dtempat sma org yg salah padahal gak ad cod cek dlu kecewa sekali sma layan spxnya mending jntbalikin jnt lgi
Suka gratis ongkirnya. Lanjutkan.游녨游녨游,Positif,suka gratis ongkirnya lanjut
ok,Positif,
mantap,Positif,mantap
bagus,Positif,bagus
bagus,Positif,bagus
Bagus,Positif,bagus
oke,Positif,oke
barang berkualitas dan bebas ongkir,Positif,barang kualitas bebas ongkir
bagusssssssssssssss,Positif,bagusssssssssssssss
"mantepp dehh banyak voucher"" nya jugaa dan produk nyaa aman",Positif,mantepp dehh banyak voucher nya jugaa produk nyaa aman
Tingkatkan terus full diskon,Positif,tingkat terus full diskon
ok,Positif,
sangat bagus.trimakasih shoppi,Positif,sangat bagustrimakasih shoppi
Good kualitas,Positif,good kualitas
"SHOPEE PELAYANAN NYA SEKARANG SANGAT TIDAK RESPONSIF. SANGAT MEMBERATKAN KE SELLER. PERTAMA, FITUR BLOKIR PENGGUNA DI HILANGKAN DIGANTI DENGAN FITUR LAPORKAN DAN BANTUAN. ITU TIDAK ADA SOLUSI JUGA KARNA SETELAH DILAPORKAN PUN. DARI SHOPEE TIDAK ADA UPDATE APAPUN MENGENAI LAPORANNYA. TERUS FITUR CHAT LANGSUNG DENGAN CS JUGA TIDAK SEPERTI DULU LANGSUNG RESPON. SEKARANG HARUS NUNGGU DULU BER JAM JAM KALAU PERLU BANTUAN. BUKANNYA LEBIH BAIK MALAH LEBIH BAD",Negatif,shopee layan nya sekarang sangat responsif sangat berat seller pertama fitur blokir guna hilang ganti fitur lapor bantu solusi karna lapor shopee update apa kena lapor terus fitur chat langsung cs dulu langsung respon sekarang nunggu dulu ber jam jam kalau perlu bantu bukan lebih baik malah lebih bad
"Manajemen shopee, ganti orang2 SPX cabang kota Sabang Aceh, klo gak sanggup ngapain mereka tampung banyak, anggota sedikit... pret lah...",Negatif,manajemen shopee ganti orang spx cabang kota sabang aceh klo gak sanggup ngapain tampung banyak anggota sedikit pret lah
sangat baik,Positif,sangat baik
puas banget belanja disini,Positif,puas banget belanja sini
"puas belanja di shopee, makanya jadi selalu berlangganan di shopee, tapi terkadang ada seller yang memang kurang amanah, tapi hanya beberapa saja, lebih banyak seller yang amanah, terimakasih buat seller yang sudah amanah, semoga berkah, dengan adanya shopee membuat semua yang dibeli menjadi mudah.",Positif,puas belanja shopee makanya jadi selalu langgan shopee terkadang seller memang kurang amanah beberapa lebih banyak seller amanah terimakasih buat seller amanah moga berkah ada shopee buat semua beli jadi mudah
aplikasi nya bagus dan terbaik,Positif,aplikasi nya bagus baik
Saya sangat suka dengan shopee karena shopee memiliki banyak barang dan pengiriman yang sangat cepat mendingan kalian download shopee,Positif,sangat suka shopee shopee milik banyak barang kirim sangat cepat mending kalian download shopee
barangnya sesuai pesanan,Positif,barang sesuai pesan
"bagus,memuaskan",Positif,bagusmemuaskan
keren sophi ... sukses selalu 游녨游녨,Positif,keren sophi sukses selalu
bagus,Positif,bagus
"Shopee sekarang tidak royal seperti dulu, sekarang gratis ongkirnya cuman 1칑 aja, dulu satu minggu bisa 3 sampai 4칑 gratis ongkir, pengiriman estimasinya sangat lamban, estimasi pagi dapat paketnya sore hari, perlu di perbaiki semuanya, kembalikan shoppe seperti dulu lagi...",Negatif,shopee sekarang royal dulu sekarang gratis ongkirnya cuman aja dulu satu minggu gratis ongkir kirim estimasi sangat lamban estimasi pagi paket sore hari perlu baik semua kembali shoppe dulu
baik sekali pelayananya.,Positif,baik sekali pelayananya
pengiriman sesuai etimasi,Positif,kirim sesuai etimasi
baik,Positif,baik
shope sangat bagus,Positif,shope sangat bagus
sangat membantu dn puas dg aplikasi ini,Positif,sangat bantu dn puas dg aplikasi
Shopee knpa gni sh Paketku blum dteng Dh ada konfirmasi pket dtng fto yng diunggh kurir pun bkn aku penerimanya di up lgi lah apknya yng bisa hbungi kurir secra langsung jdi skiranya slh krim kurir bisa dihbungi pngn nangis pkoknyaaaa brang penting mlah disasarin,Negatif,shopee knpa gni sh paket blum dteng dh konfirmasi pket dtng fto yng diunggh kurir bkn aku terima up lgi lah apknya yng hbungi kurir secra langsung jdi skiranya slh krim kurir dihbungi pngn nang pkoknyaaaa brang penting mlah disasarin
Hati hati banyak penipuan.Beli hp Resmi Ram 8 pas Dateng dari luar sama persis tapi mesinnya Advan model cassing doang.Pliss jangan percaya mending kalian beli hp Deket Rumah kalian aja游똂Semoga tidak ada lagi korban,Negatif,hati hati banyak penipuanbeli hp resmi ram pas dateng luar sama persis mesin advan model cassing doangpliss jangan percaya mending kalian beli hp deket rumah kalian ajasemoga korban
sangat puas,Positif,sangat puas
berguna bagi saya,Positif,guna
sangat bagus,Positif,sangat bagus
sangat nyaman dan membantu,Positif,sangat nyaman bantu
keren,Positif,keren
puas sekali,Positif,puas sekali
aplikasi belanja online yang paling penting,Positif,aplikasi belanja online paling penting
pengiriman g pernah becus 4x blanja di apk ini kurir nya busukk semua,Negatif,kirim g pernah becus x blanja apk kurir nya busukk semua
saya suka shopee..,Positif,suka shopee
"kenapa di tangguhkan min, sampe kapan di tangguhkan",Positif,tangguh min sampe kapan tangguh
good,Positif,good
aplikasi terbaik,Positif,aplikasi baik
mantap lah,Positif,mantap lah
aplikasi bagus sekali mempermudah kitta untuk belanja barang apa yg kita sukai,Positif,aplikasi bagus sekali mudah kitta belanja barang apa yg suka
"If you coward with ecommerce, better you buy in Official store",Positif,if you coward with ecommerce better you buy in official store
oke,Positif,oke
Aplikasinya sangat bagus,Positif,aplikasi sangat bagus
Sportifitas and Services is good job.,Positif,sportifitas and services is good job
"ini apk bener""gila, kl bahasa gen alpha mah SIGMA BANGET, ANTI SKIBIDI SKIBIDI NI APK, GACORR游댠游游낕游댠, mana gratis ongkir trs lagi, fix ni apk idaman bgt游뱔游눙",Positif,apk benergila kl bahasa gen alpha mah sigma banget anti skibidi skibidi ni apk gacorr mana gratis ongkir trs fix ni apk idam bgt
"cepat , tepat & amanah",Positif,cepat tepat amanah
belanja online nomer satu ongkir grtis dan bnyk lagi ke unggulan nya,Positif,belanja online nomer satu ongkir grtis bnyk unggul nya
sipppp,Positif,sipppp
dengan shopee saya belanja online seperti saya belanja langsung di toko besar banyak pilihan barang dan produk yg di tawarkan...dan di shopee banyak diskon nya...,Positif,shopee belanja online belanja langsung toko besar banyak pilih barang produk yg tawarkandan shopee banyak diskon nya
"sejauh ini baik, kedepannya lebih baik lagi.",Positif,jauh baik depan lebih baik
bagus,Positif,bagus
aplikasinya tidak bisa di download kenapa ya min,Negatif,aplikasi download min
"Shopee membantu memenuhi sebagian dr barang yg sy butuhkan, tinggal klik",Positif,shopee bantu penuh bagi dr barang yg sy butuh tinggal klik
shopee mantap,Positif,shopee mantap
selalu puas dengan hasilnyaaa terimakasih shopee,Positif,selalu puas hasilnyaaa terimakasih shopee
mantap dan semoga payleter saya juga di kasih dari kmren ngajuin gagal mulu,Positif,mantap moga payleter kasih kmren ngajuin gagal mulu
mantab banget,Positif,mantab banget
Makasih shopee..Krena kamu kebutuhan belanjaku kau permudah semoga jaya trus..,Positif,makasih shopeekrena kamu butuh belanja kau mudah moga jaya trus
"untuk proses pesanan shopee sngt memuaskan , untuk keamanan saya mengkhawatirkan krna Sy Dftr Paylater kenapa keterangan KTP Sudah di gunakan orang lain , Padahal sy baru mau mencoba",Positif,proses pesan shopee sngt muas aman khawatir krna sy dftr paylater terang ktp guna orang padahal sy baru mau coba
kenapa sekarang nggk bisa di buka,Negatif,sekarang nggk buka
emang paling the best lah,Positif,emang paling the best lah
memuaskan,Positif,muas
barangx murah2 dan banyak pilihanx,Positif,barangx murah banyak pilihanx
"aplikasi e-commerce ini sangat baik, pengiriman yang tepat waktu, barang-barang yang real-pict. saran saya untuk pembayaran bisa di tambahkan dana,ovo,gopay yang sejenis e-wallet seperti itu.",Positif,aplikasi ecommerce sangat baik kirim tepat waktu barangbarang realpict saran bayar tambah danaovogopay jenis ewallet
kalau cepat secepat kilat pesanan.. kalau lambat selambat siput.. tp the best shope smua barang yg dicari slalu ada,Positif,kalau cepat cepat kilat pesan kalau lambat lambat siput tp the best shope smua barang yg cari slalu
"pengiriman mau mandiri pake spx, tapi lama banget, asal lempar ga liat dalem isinya apa.",Negatif,kirim mau mandiri pake spx lama banget asal lempar ga liat dalem isi apa
Sangat membantu dalam keperluan sehari-hari.,Positif,sangat bantu perlu seharihari
good,Positif,good
solusi untuk mengatasi bikin mudah yg susah,Positif,solusi atas bikin mudah yg susah
tempat belanja inline yang bagus saran saya kalo pesanan yang pake shopee pay harusnya lebih gercep dari cod datangnya...ini malah paling lama.,Positif,tempat belanja inline bagus saran kalo pesan pake shopee pay harus lebih gercep cod datangnyaini malah paling lama
pengiriman cepat,Positif,kirim cepat
Pelajaran yang tiada duanya,Positif,ajar tiada dua
bagusss,Positif,bagusss
baik,Positif,baik
sangat buruk,Negatif,sangat buruk
pengiriman cepat. sagat puas,Positif,kirim cepat sagat puas
gacor murmer,Positif,gacor murmer
sangat cocok buat belanja,Positif,sangat cocok buat belanja
Sangat membantu dan recomend,Positif,sangat bantu recomend
good shoppy,Positif,good shoppy
belanja di Shopee emang mantap dan bayak membantu seprti spinjam nya yg sudah bayak membantu ke uangan yg mendesak,Positif,belanja shopee emang mantap bayak bantu seprti spinjam nya yg bayak bantu uang yg desak
sangat baik dan happy belanja di sini selalu dapat gratis ongkir,Positif,sangat baik happy belanja sini selalu gratis ongkir
sangat membantu dengan hasil yang memuaskan,Positif,sangat bantu hasil muas
Sangat puas,Positif,sangat puas
sangat membantu cari barang apapun ada dan banyak voucer..,Positif,sangat bantu cari barang apa banyak voucer
topong berikan tambahan fitur yaitu untuk menghapus riwayat pesanan,Positif,topong ikan tambah fitur hapus riwayat pesan
membantu belanja online,Positif,bantu belanja online
baguss,Positif,baguss
bagus,Positif,bagus
harusnya pihak shopee berlaku tegas ke seler... jikalau konsumen order barang dan dalam waktu 24 jam tidak di proses. harus brani melakukan tindakan pembatalan otomatis.... dan percuma dari konsumen membatalkan harus menunggu persetujuan seler... di mana kebijakan shopee kalau begitu...,Negatif,harus pihak shopee laku tegas seler jikalau konsumen order barang waktu jam proses brani laku tindak batal otomatis percuma konsumen batal tunggu tuju seler mana bijak shopee kalau
shopee emang mantul,Positif,shopee emang mantul
ok游녨,Positif,
"suka banget pake shopee banyak voucer murah bahkan gratis ongkir nya , tapi sedikit kecewa karna pengiriman nya agak sedikit lambatt is okeyy tidak apa apa",Positif,suka banget pake shopee banyak voucer murah bahkan gratis ongkir nya sedikit kecewa karna kirim nya sedikit lambatt is okeyy apa apa
bnyk gratis ongkirnya. slalu memuaskan,Positif,bnyk gratis ongkirnya slalu muas
Bagus sekali.. semoga tambah berkah ya Shopee,Positif,bagus sekali moga tambah berkah shopee
mantapo,Positif,mantapo
ekspedisi nya lelet!!! jauh beda sama tt shop!!!!,Negatif,ekspedisi nya lelet jauh beda sama tt shop
Mudah untuk berbelanja kebutuhan manusia semoga makin maju dan sukses,Positif,mudah belanja butuh manusia moga makin maju sukses
bagus,Positif,bagus
selamat datang di Shopee,Positif,selamat datang shopee
Sangat membantu,Positif,sangat bantu
tak mengecewakan,Positif,tak kecewa
Ok....bintang 5...游녨游녨游녨游녨游녨游녨游녨游녨游녨,Positif,okbintang
amanaaah,Positif,amanaaah
sukses terus,Positif,sukses terus
"TITIK & KETERANGAN ALAMAT SETIAP PESEN SELALU BERUBAH SENDIRI PADAHAL GA PERNAH BERUBAH. BIKIN CUSTOMER DI SALAHIN DRIVER KARENA SAYA KIRA TITIKNYA GA NGACO & KETERANGAN ALAMATNYA TETEP SAMA TERNYATA BERUBAH SENDIRI MULU. SOTOY PARAH, INI BUG PALING NGESELIN, AMPAS.",Negatif,titik terang alamat sen selalu ubah sendiri padahal ga pernah ubah bikin customer salahin driver kira titik ga ngaco terang alamat tetep sama nyata ubah sendiri mulu sotoy parah bug paling ngeselin ampas
bagus dan mantap,Positif,bagus mantap
"trx menggunakan shoppee aman, bisa ajukqn pengembalian dg mudah",Positif,trx guna shoppee aman ajukqn kembali dg mudah
baguusss,Positif,baguusss
paling nyaman diantara yang lain !,Positif,paling nyaman antara
the best pokoe,Positif,the best pokoe
Bagus,Positif,bagus
shopee baik sngat membantu untk orng2 yg jarng keluar belanja2游똂,Positif,shopee baik sngat bantu untk orng yg jarng keluar belanja
sangat bagus,Positif,sangat bagus
sangat bermanfaat,Positif,sangat manfaat
saya tidak bisa bayar di tempat,Negatif,bayar tempat
ok banget,Positif,banget
saya cocok belanja di shopee,Positif,cocok belanja shopee
pas mantap,Positif,pas mantap
bagusd,Positif,bagusd
sangat bagus,Positif,sangat bagus
Good app.,Positif,good app
Barang sesuai pesanan dan tepat waktu serta kurir juga ramah. terimakasih 游똂,Positif,barang sesuai pesan tepat waktu kurir ramah terimakasih
Alhamdulillah aplikasi sopii sangat membantu saya,Positif,alhamdulillah aplikasi sopi sangat bantu
top markotop deh !!! nagih terus belanja di shoppe,Positif,top markotop deh nagih terus belanja shoppe
praktis dan efisien,Positif,praktis efisien
"belanja puas...pengiriman cepat,rapi,,,,,",Positif,belanja puaspengiriman cepatrapi
responnya cepat,Positif,responnya cepat
bagus sekali,Positif,bagus sekali
siap pengiriman lebih cepat,Positif,siap kirim lebih cepat
apk tolol masak udh di tulis gratis ongkir tapi gak gratis ongkir. mana ongkirnya mahal Lagi,Negatif,apk tolol masak udh tulis gratis ongkir gak gratis ongkir mana ongkirnya mahal
sangat puas dengan barang yng saya cod paa dngn pesanan saya,Positif,sangat puas barang yng cod paa dngn pesan
Sangat memeuaskan,Positif,sangat memeuaskan
"Apk nya udh bagus tapi sering eror kadang gk bisa checkout, tolong di perbaiki ya min",Positif,apk nya udh bagus sering eror kadang gk checkout baik min
sangat memuaskan,Positif,sangat muas
belanja cepat dan nyaman,Positif,belanja cepat nyaman
Mantap berbelanja di Shopee banyak diskonnya dan sesuai minat,Positif,mantap belanja shopee banyak diskon sesuai minat
bagus,Positif,bagus
"sekarang layanan pembayaran shopee bisa 0 rupiah ongkirnya,semoga tidak berlaku sementara游땍游뱎 gratis ongkir ini",Positif,sekarang layan bayar shopee rupiah ongkirnyasemoga laku gratis ongkir
bagus bagus bangettttt,Positif,bagus bagus bangettttt
afk nya bagus dan sangat membantu cuma sekarang kecewa sama estimasi tiba nya pengemasan+pengiriman nya lama banget mohon d perbaiki lagi游똂,Positif,afk nya bagus sangat bantu cuma sekarang kecewa sama estimasi tiba nya pengemasanpengiriman nya lama banget mohon d baik
mantap,Positif,mantap
luar biasa,Positif,luar biasa
"bisa blnja apa aja,sllu gratis ongkir+voucher jg",Positif,blnja apa ajasllu gratis ongkirvoucher jg
ok.lah sukses,Positif,oklah sukses
"saldo shoppepay cukup tapi tidak bisa buat bayar, aneh",Negatif,saldo shoppepay cukup buat bayar aneh
sangat membantu melayani dengan setulus hati 游댠游뱔仇벒잺,Positif,sangat bantu layan tulus hati
"Pengiriman daerah gunung putri mulai payah lagi , paket selalu dicancel sama kurirnya",Positif,kirim daerah gunung putri mulai payah paket selalu dicancel sama kurir
"barang sesuai pesanan,pengiriman cepat",Positif,barang sesuai pesananpengiriman cepat
semoga ada promo khusus untuk pembayaran via Spaylater,Positif,moga promo khusus bayar via spaylater
pelayanan bagus,Positif,layan bagus
sangat memuaskan,Positif,sangat muas
kalo pake spx lama banget yah! jnt 6 hari ke makassar udah nyampe ini udah 8 hari belum juga nyampe di makassar! estimasinya sampe tgl 23-25! kecewa sih! padahal pake jnt 1 minggu udah nyampe dirumah,Negatif,kalo pake spx lama banget yah jnt hari makassar udah nyampe udah hari nyampe makassar estimasi sampe tgl kecewa sih padahal pake jnt minggu udah nyampe rumah
GOOD JOB,Positif,good job
good,Positif,good
belanja lebih mudah,Positif,belanja lebih mudah
bagus,Positif,bagus
cocok untuk beli barang yang tidak punya atau bisa mendapat diskon lebih murah,Positif,cocok beli barang punya dapat diskon lebih murah
cepat,Positif,cepat
Good,Positif,good
Dari dulu gak pernah di benerin sering freeze pas lagi scroll sampai sampai hp gak bisa di pencet,Negatif,dulu gak pernah benerin sering freeze pas scroll hp gak pencet
shoppe sekarang pengiriman lama dan kurir yg ngantar paket juga lama ngantar nya.,Negatif,shoppe sekarang kirim lama kurir yg ngantar paket lama ngantar nya
diskon ongkirnya banyak,Positif,diskon ongkirnya banyak
shopee aplikasi parah..udj gt koin gak dipake ilang terus bukannya nambah yrs eh tiba2 bs nol udh shopeepay later dibekuin kending ke aplikasi lain aja yg lebih menjanjikan,Negatif,shopee aplikasi parahudj gt koin gak dipake ilang terus bukan nambah yrs eh tiba bs nol udh shopeepay later dibekuin kending aplikasi aja yg lebih janji
belanja menjadi lebih hemat 游땖游녨,Positif,belanja jadi lebih hemat
Pelayanan kepada konsumen bagus dan cepat.游녨,Positif,layan konsumen bagus cepat
sukses sll ke depan,Positif,sukses sll depan
belanja diShoope barang selalu baik dan Toko2 nya terpercaya 游땕游녧,Positif,belanja dishoope barang selalu baik toko nya percaya
belanja online yang terpercaya,Positif,belanja online percaya
semoga lancar selalu amanah,Positif,moga lancar selalu amanah
mksh shopee semoga sukses . sangat membantu saya semenjak pakai shopee 游똂游똂游똂,Positif,mksh shopee moga sukses sangat bantu semenjak pakai shopee
Jujurly ane sangat puas dengan belanja di shoppe beli appun psti harga nya murah plus ada diskon ditambah lagi gratis ongkir,Positif,jujurly ane sangat puas belanja shoppe beli appun psti harga nya murah plus diskon tambah gratis ongkir
cepat sampai klo pesan di sini,Positif,cepat klo pesan sini
ok,Positif,
Ok,Positif,
smga terus dpt dipercaya...sll on time n jujur.. jaga terus trust ok...terimksih.. smga lancar...............................,Positif,smga terus dpt dipercayasll on time n jujur jaga terus trust okterimksih smga lancar
Good,Positif,good
terimakasih saya sering jajan dan makan di sini semoga terjamin terus rasa enak nya,Positif,terimakasih sering jajan makan sini moga jamin terus rasa enak nya
mempermudah untuk belanja segala kebutuhan klrg,Positif,mudah belanja segala butuh klrg
sangat bermanfaat,Positif,sangat manfaat
bagus,Positif,bagus
"fast respon, dan cepat tanggap, walaupun belum terlihat hasil dari pengaduan nya",Positif,fast respon cepat tanggap walaupun lihat hasil adu nya
"sangat puas ,pelayanan dan barang -barangnya tidak mengecewakan",Positif,sangat puas layan barang barang kecewa
ok,Positif,
3 jam cm scroll shopee batre HP terkuras 52%. nunggu kode otp sampe 2 jam. beda sama yg ijo. si ijo scroll 3 jam cm nguras batre 29% 游눜游눜,Negatif,jam cm scroll shopee batre hp kuras nunggu kode otp sampe jam beda sama yg ijo si ijo scroll jam cm nguras batre
tq sangat membantu,Positif,tq sangat bantu
sangat membantu,Positif,sangat bantu
sangat cepat dan murah belanja,Positif,sangat cepat murah belanja
Ok,Positif,
terpercaya.. cuma sayang free ongkirnya mulai banyak syarat,Positif,percaya cuma sayang free ongkirnya mulai banyak syarat
mantap,Positif,mantap
mantap terpercaya,Positif,mantap percaya
mantap,Positif,mantap
good,Positif,good
"ga usah di download, gua udah muak, lagi enak main game tiba tiba ada iklan ini, iklan nya paling lama lagi, ga dapet tenang, stress lama lama, ngeselin banget",Negatif,ga usah download gua udah muak enak main game tiba tiba iklan iklan nya paling lama ga dapet tenang stress lama lama ngeselin banget
bagus dan murah,Positif,bagus murah
luar biasa,Positif,luar biasa
游녨游눮,Positif,
apk goks :),Positif,apk goks
bagus,Positif,bagus
ok,Positif,
Katanya transfer ke bank gratis(tertera tulisan) tapi kena biaya admin 2500..Hadeeeehhh..kenapa ya jaman sekarang susah sekali cari sesuatu yg jujur.,Negatif,kata transfer bank gratistertera tulis kena biaya admin hadeeeehhhkenapa jaman sekarang susah sekali cari yg jujur
menggangu iklanya,Negatif,menggangu iklanya
sangat puas menggunakan aplikasi ini banyak sekali promo besar,Positif,sangat puas guna aplikasi banyak sekali promo besar
"belanja mudah, pengiriman cepat, bnyk promo, top bgtt游녨游녨游녨游녨游녨",Positif,belanja mudah kirim cepat bnyk promo top bgtt
gacor,Positif,gacor
"Shopee sangat membantu , terutama layanan COD nya",Positif,shopee sangat bantu utama layan cod nya
"aku suka banget sama apk ini, selain pengiriman cepat, barangnya juga selalu bagus, walau terkadang ada yang salah tapi tetep bestt, di tingkatkan lagi ya kk pengirimannya",Positif,aku suka banget sama apk kirim cepat barang selalu bagus terkadang salah tetep bestt tingkat kk kirim
Alhamdulilla blanja di shpee selama ini selalu tepat orderan sampai sesuai ektimasi mantap,Positif,alhamdulilla blanja shpee lama selalu tepat order sesuai ektimasi mantap
terimakasih,Positif,terimakasih
wow,Positif,wow
sangat membantu kalau lgi malas keluar rumah,Positif,sangat bantu kalau lgi malas keluar rumah
"shopee kalo udah hebat aplikasinya banyak peminat dan pembelinya JANGAN pake iklan ORANG LUAR pemain bola,gimanaa sich,emang larisnya ama orang luar negeri YAH???",Negatif,shopee kalo udah hebat aplikasi banyak minat bel jangan pake iklan orang luar main bolagimanaa sichemang laris ama orang luar negeri yah
bisa cod cek dulu ditempat. baru mantap,Positif,cod cek dulu tempat baru mantap
barang bagus gak bikin kecewa 游녨游녨游녨游녨游녨,Positif,barang bagus gak bikin kecewa
游녨,Positif,
ok,Positif,
游녨游,Positif,
mantull kurir baik ramah tepat waktu dan pengiriman cepat,Positif,mantull kurir baik ramah tepat waktu kirim cepat
"lancar,aman...",Positif,lancaraman
"bagus sekali pelayanannya,sangat puas",Positif,bagus sekali pelayanannyasangat puas
"shopee belanja online paling oke n kurirnya ramah2 n estimasi tiba cepat, n banyak flase sale nya",Positif,shopee belanja online paling oke n kurir ramah n estimasi tiba cepat n banyak flase sale nya
pelayanan bagus tapi aplikasi sering ngebug,Negatif,layan bagus aplikasi sering ngebug
sooppy bagus saya suka barangnya sesuai Poto pengiriman nya jga cepat 鮫봺잺,Positif,sooppy bagus suka barang sesuai poto kirim nya jga cepat
alhmdulilah shoope amanah semoga.kedepan nya melahirkan generasi2 jujur dlm berniaga di shoope,Positif,alhmdulilah shoope amanah semogakedepan nya lahir generasi jujur dlm niaga shoope
"Saya setiap pesen di shopee. Pelayanannya bagus, cepat. Barangnya memuaskan sesuai pesanan.",Positif,sen shopee layan bagus cepat barang muas sesuai pesan
banyakin LG diskon,Positif,banyakin lg diskon
Ok,Positif,
ok gas,Positif,gas
shopee ttp di hati,Positif,shopee ttp hati
JUJUR JIJIK KALI AKU MELIHAT APLIKASI NGERI KALI VIRUSNYA APAPUN YANG DIBUKA DI BROWSER SELALU DIALIHKAN KE APLIKASI INI,Negatif,jujur jijik kali aku lihat aplikasi ngeri kali virus apa buka browser selalu alih aplikasi
bagus bisa mesan barang,Positif,bagus mesan barang
sangat membantu,Positif,sangat bantu
mudah mencari kebutuhan otomotif,Positif,mudah cari butuh otomotif
bagus barang apa saja ada,Positif,bagus barang apa
celana tebal dan kain x halus,Positif,celana tebal kain x halus
bagus,Positif,bagus
"shopee ini baguss bgtt sebenernyaa akuu sllu belanja disinii tapii yg bkinn akuu kecewaaa dikitt ituu notif nyaa ,emngg sii bisaa di nonaktifkan tapii kann biart sambill ngecekk' gtuu biar gaa bolak balik ke shopee nyaa tp sklinya muncul notif shopee yg sbenernya ga penting ke kita ITU BIKIN HP NGELAG BGTT PARAHHH",Positif,shopee baguss bgtt sebenernyaa akuu sllu belanja sini tapi yg bkinn akuu kecewaaa dikitt ituu notif nyaa emngg sii bisaa nonaktif tapi kann biart sambill ngecekk gtuu biar gaa bolak balik shopee nyaa tp sklinya muncul notif shopee yg sbenernya ga penting bikin hp ngelag bgtt parahhh
limitnya kurang,Positif,limit kurang
Buruk pakai jasa kirim spx express akhir2 ini pesanan selalu datang terlambat melebihi estimasi yang ditentukan payahhh!!!,Negatif,buruk pakai jasa kirim spx express akhir pesan selalu datang lambat lebih estimasi tentu payahhh
mantap游,Positif,mantap
pengiriman sekarang benar2 lama dari estimasi 3/4 hari nyatanya sampe 9-10 hari wkwwk,Negatif,kirim sekarang benar lama estimasi hari nyata sampe hari wkwwk
wow,Positif,wow
Exelent 游녨,Positif,exelent
"sangat Bagus Aplikasi ini, memuaskan apa yg kita pesan",Positif,sangat bagus aplikasi muas apa yg pesan
baik,Positif,baik
kurangsih kadang mahal ongkir,Positif,kurangsih kadang mahal ongkir
"tolong di perbaiki lagi, setiap kali buka apk makin lemot dan juga selalu masuk ke shopee video saat pertama buka aplikasi, tidak spt dahulu",Negatif,baik kali buka apk makin lot selalu masuk shopee video pertama buka aplikasi spt
baik,Positif,baik
"beli holder , yg datang holder sesuai keinginan... mantapp .. trims shoope",Positif,beli holder yg datang holder sesuai ingin mantapp trims shoope
ok,Positif,
pesanan tiba di batalkan tanpa konfirmasi..saya sudah nunggu lama tiba pesanannya di batalkan,Negatif,pesan tiba batal konfirmasisaya nunggu lama tiba pesan batal
"enak belanja di Shopee, ada gratis ongkir minus nya gk bisa bayar pake ovo, gopay dan segala macam, lain hari bisa lah buat metode pembayaran gituu dan sering"" kasih gratis ongkir ya min",Positif,enak belanja shopee gratis ongkir minus nya gk bayar pake ovo gopay segala macam hari lah buat metode bayar gituu sering kasih gratis ongkir min
puas,Positif,puas
"sangat amanah pengantarannya,dan sesuai dengan fotonya",Positif,sangat amanah pengantarannyadan sesuai foto
"pengalaman belanja yg luar biasa,banyak pilihan,banyak discount,gratis ongkir dll. pokoknya shopee jozz...",Positif,alam belanja yg luar biasabanyak pilihanbanyak discountgratis ongkir pokok shopee jozz
iklan nya ngeselin banget sering ngejebak suka ngeganggu kalo lagi di apk lain trus muncul iklan dia,Negatif,iklan nya ngeselin banget sering ngejebak suka ngeganggu kalo apk trus muncul iklan
sering bangget bug error pas mau kirim chat ke penjual jadi suka miss komunikasi,Negatif,sering bangget bug error pas mau kirim chat jual jadi suka miss komunikasi
estimasi pengiriman yg dicantumkan suka berubah dan tidak menentu. kadang juga pengiriman barang lewat dari estimasi yg tertera di aplikasi.,Positif,estimasi kirim yg cantum suka ubah tentu kadang kirim barang lewat estimasi yg tera aplikasi
pokoknya puas dgn service nya游녨游똂,Positif,pokok puas dgn service nya
"aplikasi yang sudah jauh berkembang sekarang jauh lebih laik , mantap 游녨 banyak terbantu semoga tetap konsisten 救넉셿救넉셿救",Positif,aplikasi jauh kembang sekarang jauh lebih laik mantap banyak bantu moga tetap konsisten
barang yg di kirim sesuai yg kita pesan,Positif,barang yg kirim sesuai yg pesan
Baik and bisa dipercaya,Positif,baik and percaya
kurir nya gak pake sop kirim barang salah mulu... gw rugi waktu juga nungguin barang sampe... di training lagi dong kurir nya... cara baca alamat cara baca maps.. jangan sampe barang dikirim ke orang yg salah... rugi seller rugi customer juga kalo shopee piara kurir modelan gini semua,Negatif,kurir nya gak pake sop kirim barang salah mulu gw rugi waktu nungguin barang sampe training dong kurir nya cara baca alamat cara baca maps jangan sampe barang kirim orang yg salah rugi seller rugi customer kalo shopee piara kurir model gin semua
"Shoppee emang the best , barang nya realpict",Positif,shoppee emang the best barang nya realpict
Memuaskan responsif terimakasih banget shopee,Positif,muas responsif terimakasih banget shopee
nice,Positif,nice
kasi bintang 5 karna sering dpt diskon wkwk,Positif,kasi bintang karna sering dpt diskon wkwk
Sangat memuaskan,Positif,sangat muas
terimakasih shopee mantap,Positif,terimakasih shopee mantap
sangat membantu,Positif,sangat bantu
shopee mantap.,Positif,shopee mantap
belaja di shopee makin oke aja,Positif,baja shopee makin oke aja
"sangat memudahkan pekerjaan saya dan kebutuhan kerja ,, banyak pilihan dalam satu kali buka aplikasi makasih",Positif,sangat mudah kerja butuh kerja banyak pilih satu kali buka aplikasi makasih
SEMENJAK GANTI PAKE SPX PENGIRIMAN LAMBATTT BANGETTTTTTTT MENDING BELI DI TIKTOK DAH,Negatif,semenjak ganti pake spx kirim lambattt bangetttttttt mending beli tiktok dah
mantab,Positif,mantab
murah murah dn gratis ongkir,Positif,murah murah dn gratis ongkir
Belanja segala jenis keperluan jadi lebih mudah dam nyaman,Positif,belanja segala jenis perlu jadi lebih mudah dam nyaman
aplikasi yang bagus.. sangat membantu,Positif,aplikasi bagus sangat bantu
barangnya murah murah tapi kualitas bagus jadi suja deh ama shopee,Positif,barang murah murah kualitas bagus jadi suja deh ama shopee
sangat baik,Positif,sangat baik
"nih shopee beneran, barang gak sampe, 3x komplain ke pihak jasa kirim gk ada solusi, gk di lanjut ke kurir dimana itu barang?",Negatif,nih shopee beneran barang gak sampe x komplain pihak jasa kirim gk solusi gk lanjut kurir barang
asik,Positif,asik
mudah TDK ribet,Positif,mudah tdk ribet
"pengiriman cepat, barang murah dan sesuai pesanan",Positif,kirim cepat barang murah sesuai pesan
tidak ada metode pembayaran melalui dana,Negatif,metode bayar lalu dana
bagus,Positif,bagus
Shoppe skrg pengiriman telat terus,Negatif,shoppe skrg kirim telat terus
enak,Positif,enak
mantappppp....,Positif,mantappppp
bagus banget,Positif,bagus banget
"perbaiki keamanan untuk user lu, gampang banget sistem lu di bobol sama org gk bertanggungjawab dan di ambil data untuk dijadikan tindakan penipuan melalui telpon dengan iming-iming bekerja sama dengan apk shopee, atau data pernah ada di apk olshop, perbaiki keamanan aplikasi lu yg bener jgn cuma iklan doang dibanyakin",Negatif,baik aman user lu gampang banget sistem lu bobol sama org gk bertanggungjawab ambil data jadi tindak tipu lalu telpon imingiming kerja sama apk shopee data pernah apk olshop baik aman aplikasi lu yg bener jgn cuma iklan doang dibanyakin
Terbaik,Positif,baik
harga ongkir banyak gratisan nya juga terjangkau游녨,Positif,harga ongkir banyak gratis nya jangkau
Sangat Bagus,Positif,sangat bagus
Mantapp,Positif,mantapp
nyaman saat berbelanja di shopee ini harganya lumayan puas,Positif,nyaman belanja shopee harga lumayan puas
shopee sekarang semakin berat apknya,Negatif,shopee sekarang makin berat apknya
baik,Positif,baik
mantab,Positif,mantab
hebat,Positif,hebat
sangat bagus dan ini apliksi yang amanah dan terjangkau,Positif,sangat bagus apliksi amanah jangkau
bagus,Positif,bagus
Bermanfaat,Positif,manfaat
mantap sama diskonya,Positif,mantap sama disko
sangat memuaskan,Positif,sangat muas
ok,Positif,
josss,Positif,josss
shopi pas dngn pesanan merek n barangnya,Positif,shopi pas dngn pesan merek n barang
bisa membeli barang dengan cara yang mudah,Positif,beli barang cara mudah
"apk ini sangat cocok untuk di rekomendasi ke teman""",Positif,apk sangat cocok rekomendasi teman
Kenapa ya tidak bisa di update,Positif,update
bagus banget,Positif,bagus banget
"good,aku ga kasih ulasan banyak,tapi apa nya sangat berfungsi dengan baik,dan juga banyak sekali promo dan voucher, member baru juga bakal mendapatkan potongan harga ongkir,gila sih keren banget",Positif,goodaku ga kasih ulas banyaktapi apa nya sangat fungsi baikdan banyak sekali promo voucher member baru bakal dapat potong harga ongkirgila sih keren banget
baguss...mantappp.,Positif,bagussmantappp
"aplikasi belanja online paling bagus sih, tapi dulu kalau co pasti datang nya lama bgt tapi skrg nggak cuma nunggu 1harian langsung datang",Positif,aplikasi belanja online paling bagus sih dulu kalau co datang nya lama bgt skrg cuma nunggu hari langsung datang
bagus,Positif,bagus
apk bangsakt kurir nya gak mau nganter ke lokasi kan tolonl,Negatif,apk bangsakt kurir nya gak mau nganter lokasi kan tolonl
yang ngebedain sama virus cuma bisa belanja doang,Negatif,ngebedain sama virus cuma belanja doang
belanja ongkirnya murah,Positif,belanja ongkirnya murah
bagus,Positif,bagus
mantap,Positif,mantap
biarlah bintang yg bicara,Positif,biar bintang yg bicara
sangat membantu apa yg menjadi kebutuhan yg di ingin kan,Positif,sangat bantu apa yg jadi butuh yg kan
sangat membantu,Positif,sangat bantu
Alhamdulillah senang melihat nya,Positif,alhamdulillah senang lihat nya
ok mantap,Positif,mantap
"maaf kak, saya pakai alamat yang di rumah saya, tapi kok malah alamat lain sih, gimana sih, padahal udah benar ini loh.",Negatif,maaf kak pakai alamat rumah kok malah alamat sih gimana sih padahal udah benar loh
buagus banget banyak vocher dan gratis ongkir,Positif,buagus banget banyak vocher gratis ongkir
"pengiriman lelet melebihi estimasi, padahal pesan reguler",Negatif,kirim lelet lebih estimasi padahal pesan reguler
aplikasi nya sangat bagus dan menarik banyak barang-barang yang sangat menarik,Positif,aplikasi nya sangat bagus tarik banyak barangbarang sangat tarik
"diskon, gratis ongkir, prosesnya bagus smua apalagi kalo mau pengembalian dana lgsung balik 100% note: ini menurut gw ya selama gw make shopee",Positif,diskon gratis ongkir proses bagus smua kalo mau kembali dana lgsung balik note gw lama gw make shopee
mantap barang nya,Positif,mantap barang nya
beberapa hari ini mengecewakan,Positif,beberapa hari kecewa
"cara mudah mencari keperluan kita,gampang dan TDK ribet",Positif,cara mudah cari perlu kitagampang tdk ribet
shopee emang termurahh游비,Positif,shopee emang termurahh
cocok,Positif,cocok
sangat suka pesan shopee,Positif,sangat suka pesan shopee
ok,Positif,
semoga tidak mengecewakan,Positif,moga kecewa
"sayang sekali semakin kesini, barang yg dikirim tidak sesuai, ini sangat merugikan kami yg dari tempat jauh hanya menggunakan jastip, beberapa kali pesan, banyak barang yang datangnya tidak sesuai",Negatif,sayang sekali makin kesini barang yg kirim sesuai sangat rugi yg tempat jauh guna jastip beberapa kali pesan banyak barang datang sesuai
"sangat mengesalkan tiap baca manga atau apapun di geogle malah otomatis ngebuka ke shopee, bug bangke",Negatif,sangat kesal tiap baca manga apa geogle malah otomatis ngebuka shopee bug bangke
belanja di shopee enak harga nya murah meriah,Positif,belanja shopee enak harga nya murah riah
senang sekali saya belanja di sopee late ini..karena banyak promo dan banyak vocher jadi ongkirnya murah sekali terkadang malah gak ada ongkir juga.. pokoknya rekomendiit banget dahh游봃游봃,Positif,senang sekali belanja sopee late inikarena banyak promo banyak vocher jadi ongkirnya murah sekali terkadang malah gak ongkir pokok rekomendiit banget dahh
bagus murah meriah,Positif,bagus murah riah
Terimakasih游똂,Positif,terimakasih
shopee ok,Positif,shopee
"sdh banyak belanj dl di shoppy alhamdulillah blom pernah kena zonk, terimakasih shoppy sdh hadir untuk mempermudah kami para kaum ibu2 mager untuk bisa tetap punya barang impian游똂游녨驕",Positif,sdh banyak belanj dl shoppy alhamdulillah blom pernah kena zonk terimakasih shoppy sdh hadir mudah kaum ibu mager tetap punya barang impi
belanja lebih mudah dan gampang,Positif,belanja lebih mudah gampang
shopee tempat belanjanya memang bagus tapi sayang ngegaji kurir telat terus. uang COD gak boleh pending. gaji karyawan pending malah gak di urus. perusahaan gede gini ngegaji karyawan telat. mana ada gaji dedicate di cicil kan lucu.,Positif,shopee tempat belanja memang bagus sayang ngegaji kurir telat terus uang cod gak pending gaji karyawan pending malah gak urus usaha gede gin ngegaji karyawan telat mana gaji dedicate cicil kan lucu
ok,Positif,
"Terima kasih buat shopee barang sampai ketujuan tepat waktu, salesnya ramah semoga tambah amanah",Positif,terima kasih buat shopee barang tuju tepat waktu salesnya ramah moga tambah amanah
tes app shopee,Positif,tes app shopee
selalu cocok dengan shopee,Positif,selalu cocok shopee
sangat puas,Positif,sangat puas
ok banget,Positif,banget
Senang belanja disini banyak pilihan barangnya,Positif,senang belanja sini banyak pilih barang
semua ada,Positif,semua
ok mantap,Positif,mantap
lemayan membantu,Positif,layan bantu
Bagus,Positif,bagus
Mempermudah belanja online di Shopee dengan harga terjangkau,Positif,mudah belanja online shopee harga jangkau
Terimakasih shopee telah hadir sangat membantu dlm memenuhi kebutuhan pelayanan pembelian,Positif,terimakasih shopee hadir sangat bantu dlm penuh butuh layan beli
"terima kasih shopee., belanja semakin mudah",Positif,terima kasih shopee belanja makin mudah
bagus,Positif,bagus
"Terkadang aplikasi memang lemot kadang juga gk, untuk penjualan produk terbilang lengkap semua yg di cari pasti ada, untuk kedepannya semoga aplikasinya jangan sering"" Lemot ya 游땘",Positif,terkadang aplikasi memang lot kadang gk jual produk bilang lengkap semua yg cari depan moga aplikasi jangan sering lot
Baik bagus,Positif,baik bagus
claim yg dah di kumpulkan malah gagal masuk ke datanya aneh bngt... setiap hari nonton nungguin dan main shopee mlh pas tarik koin mlh gagal . terus koin pun berkurang aneh bngt... aturan KLO gagal koin yg di kumpulkan jgn berkurang lah,Negatif,claim yg dah kumpul malah gagal masuk data aneh bngt hari nonton nungguin main shopee mlh pas tarik koin mlh gagal terus koin kurang aneh bngt atur klo gagal koin yg kumpul jgn kurang lah
kenapa kak dari Shopee gk ada pertngungjwabnnya? saya mau log in tpi dri snanya ditolak untuk login pdhl dishope pay later ada duit nya loh? cari duit itu gak gmpang loh kak? tapi knpa gak ada jwbnyaya kalau sudh macam ini??,Negatif,kak shopee gk pertngungjwabnnya mau log in tpi dri snanya tolak login pdhl dishope pay later duit nya loh cari duit gak gmpang loh kak knpa gak jwbnyaya kalau sudh macam
setelah update ada tulisan cari teman facebook di atas layar sangattttt menganggu mata. ! tolong hilangkan itu,Negatif,update tulis cari teman facebook atas layar sangattttt menganggu mata hilang
"jujur awal nya saya suka bangat sma apk ini,tapi sekarang jlk bangat,di karnakan ga bisa cod lagi di alamat",Negatif,jujur awal nya suka bangat sma apk initapi sekarang jlk bangatdi karnakan ga cod alamat
baik,Positif,baik
bagus,Positif,bagus
sangat membantu,Positif,sangat bantu
bagus dan cepat,Positif,bagus cepat
"kenapa sekarang tidak bisa lagi pesan hari ini sampai hari ini ? di dalam kota yang sama dan tidak jauh,harus 2 atau 3 hari pulak baru sampai ... makin aneh",Negatif,sekarang pesan hari hari kota sama jauhharus hari pulak baru makin aneh
"aku suka suka sx, ini mempermudah sy untuk tdk repot jln d toko mencari, Hay dgn bring"" dan ketik yg kita cari langsung muncul. pokonya bikin irit bensin lah. Alhamdulillah smogah kedepan semakin sukseslah shopee,I love u",Positif,aku suka suka sx mudah sy tdk repot jln d toko cari hay dgn bring ketik yg cari langsung muncul poko bikin irit bensin lah alhamdulillah smogah depan makin sukses shopeei love u
sangat membantu,Positif,sangat bantu
bagus banget mau belanja online GK takut di tipu lagi deh karena udah ada aplikasi ini yg bantu buat belanja promo nya juga banyak,Positif,bagus banget mau belanja online gk takut tipu deh udah aplikasi yg bantu buat belanja promo nya banyak
Selamat! Sukses! 游꿀游뗿游눪,Negatif,selamat sukses
sukses,Positif,sukses
bagus,Positif,bagus
"engga pernah nunggak, g prnh ngutang, cuma gara jarang pke spaylaternya, dapat limit besar tp g BS dipake, buat apa ngasih limit. selalu diksh tgl buat coba LG coba LG tp g prnh BS. rekam jejak bagus parameter kredit skornya diatas 800, tp saat mau menggunakan spaylater g BS dipke, limit diksh 7,5jt tp zonk g BS dipke, buat apa ngasih limit",Negatif,engga pernah nunggak g prnh ngutang cuma gara jarang pke spaylaternya limit besar tp g bs dipake buat apa ngasih limit selalu diksh tgl buat coba lg coba lg tp g prnh bs rekam jejak bagus parameter kredit skor atas tp mau guna spaylater g bs dipke limit diksh jt tp zonk g bs dipke buat apa ngasih limit
tolong dong buwat pihak Shopie agar lbih tegas terhadap penjual barang yg palsu ruksak.sudah terlalu bnyak member dan pelangan yg tertipu kena barang yg d jual barang ruksak. tolong lbih steril bwt yg ingin brjualan d Shopie demi kenyaman pelangan dan member.sya kasih bintang 2 dlu nanti klo udah lbih bagus saya kasih bintang full.trimakasih,Negatif,dong buwat pihak shopie lbih tegas jual barang yg palsu ruksaksudah terlalu bnyak member pelang yg tipu kena barang yg d jual barang ruksak lbih steril bwt yg brjualan d shopie kenyam pelang membersya kasih bintang dlu klo udah lbih bagus kasih bintang fulltrimakasih
selalu gratis ongkir,Positif,selalu gratis ongkir
oke,Positif,oke
sangat membantu,Positif,sangat bantu
pasan sesuai toko nya amanah semoga periodik ya awet dan tahan lama,Positif,pas sesuai toko nya amanah moga periodik awet tahan lama
"Masa harga 100rb setelah checkout jadi 400 ribu,benar benar aplikasi streess,,",Negatif,masa harga rb checkout jadi ribubenar benar aplikasi streess
Bayar pengiriman spx instan. tapi di perlakukan seperti sameday. (di gabung dengan paket instant lain).,Negatif,bayar kirim spx instan laku sameday gabung paket instant
shopee top,Positif,shopee top
Bagus,Positif,bagus
Sukses selalu bersama Shopee...,Positif,sukses selalu sama shopee
mantap,Positif,mantap
Bahaya banyak banget pedagang penipu yang tidak jujur yah,Negatif,bahaya banyak banget dagang tipu jujur yah
"Jasa pengiriman nya sangat parah, tulis diaplikasi barang sudah diterima sama yang bersangkutan, padahal tidak, sudah lama suka bohong pula, saya pakai spx express tetap aja tiba dalam 14hari 游녩",Negatif,jasa kirim nya sangat parah tulis aplikasi barang terima sama sangkut padahal lama suka bohong pakai spx express tetap aja tiba hari
awal pke app shopee suka krng ongkirnya murah 1-2 THN males pke shopee ongkrnya jadi mahal..tahun ini suka pke LG karna ongkirnya kmbali murahhh 游봃游봃.. perthnkn ongkir murahnya grts ongkirnya dan banyakin bonusnyaaaaa,Positif,awal pke app shopee suka krng ongkirnya murah thn males pke shopee ongkrnya jadi mahaltahun suka pke lg karna ongkirnya kmbali murahhh perthnkn ongkir murah grts ongkirnya banyakin bonusnyaaaaa
the best 游녨,Positif,the best
ini kapan komisi affiliasi saya dibayarkan? masa udah 10 hari ga masuk2,Negatif,kapan komisi affiliasi bayar masa udah hari ga masuk
mantappp cepat,Positif,mantappp cepat
bgus,Positif,bgus
saya di desa dengan shoope dimudahkan belanja semua kebutuhan.,Positif,desa shoope mudah belanja semua butuh
"suka sama Shopee banyak voucher nyaa, dan barang hampir ada di Shopee semuaa plisss sukaaa 仇벅롟",Positif,suka sama shopee banyak voucher nyaa barang hampir shopee semuaa plisss sukaaa
Aplikasi ini memudahkan keperluan pribadi,Positif,aplikasi mudah perlu pribadi
belanja mudah cepat dan aman,Positif,belanja mudah cepat aman
shopee cepat dan pelayanannya oke dan ramah,Positif,shopee cepat layan oke ramah
nice dude,Positif,nice dude
lebih murah dan mantap,Positif,lebih murah mantap
pelayanannya cepat dan ramah,Positif,layan cepat ramah
shopping ini eror bos pas saya beli barang ko shopping saya gini lah itu eror,Negatif,shopping eror bos pas beli barang ko shopping gin lah eror
pelayanan terbaik,Positif,layan baik
"Dterima baik, Trims 游녨游녨游녨",Positif,dterima baik trims
good,Positif,good
baguss,Positif,baguss
suka,Positif,suka
"shoopee,,,, mantep tenan,,,rekk terimakasih shopee,,,",Positif,shoopee mantep tenanrekk terimakasih shopee
ok mantap,Positif,mantap
good,Positif,good
siip,Positif,siip
"sejauh ini saya membeli produk selalu pas dan kurirnya juga ramah, dan baik.",Positif,jauh beli produk selalu pas kurir ramah baik
sangat puas,Positif,sangat puas
sangat baik,Positif,sangat baik
sistem shope ribet ktp yang sudah terdaftar lain mau ganti ke nomer baru malah jadi di nonaktifkan dan sekarang gabisa beli food/barang,Negatif,sistem shope ribet ktp daftar mau ganti nomer baru malah jadi nonaktif sekarang gabisa beli foodbarang
sangat membantu,Positif,sangat bantu
aku suka shopee krn pengiriman barang dan kurir tepat sekali,Positif,aku suka shopee krn kirim barang kurir tepat sekali
tidak mengerti,Negatif,erti
masak baru buka apk sudah di default mutar vidio short. tolong dong di perbaiki. g suma org buka apk lansung di puterin shodt video,Negatif,masak baru buka apk default mutar vidio short dong baik g suma org buka apk lansung puterin shodt video
shopee mantap,Positif,shopee mantap
sangat puas belanja dishopee barangnya berkualitas dan harga terjangkau banget deh,Positif,sangat puas belanja dishopee barang kualitas harga jangkau banget deh
sangat membantu untuk usaha,Positif,sangat bantu usaha
mantap,Positif,mantap
seru belanja di shopee,Positif,seru belanja shopee
"Kurirnya cod nya banyak yang nggak becus, sering terlambat",Negatif,kurir cod nya banyak becus sering lambat
"Awalnya suka sama shopee, tapi akhir-akhir ini kecewa karena sangat lemot .",Positif,awal suka sama shopee akhirakhir kecewa sangat lot
oke baik baik saja,Positif,oke baik baik
suka aja,Positif,suka aja
ok,Positif,
Terimakasih shopee semoga tetap amanah konsisten dalam pelayanan,Positif,terimakasih shopee moga tetap amanah konsisten layan
selalu dengan shpy游똂游똂,Positif,selalu shpy
bgus,Positif,bgus
oke,Positif,oke
Baik Luar Biasa,Positif,baik luar biasa
mudah untuk mencari barang yg di butuhkan,Positif,mudah cari barang yg butuh
mantap,Positif,mantap
mudah dan cepat,Positif,mudah cepat
"pelayanan cepat, brgnya ok",Positif,layan cepat brgnya
nice,Positif,nice
pesan di shopi barang nya slalu bagus tidak mengecewakan,Positif,pesan shopi barang nya slalu bagus kecewa
"ini kenapa gak bisa daftar pake akun Facebook/google, Jing?",Negatif,gak daftar pake akun facebookgoogle jing
Ok....ok,Positif,okok
anjay ga pernah dapet free ongkir mana nyampenya lama lagi游,Positif,anjay ga pernah dapet free ongkir mana nyampenya lama
"saran, jika ada toko yg menjual produk yang tidak sesuai segera di blokir atau ditutup saja",Positif,saran toko yg jual produk sesuai segera blokir tutup
"dasar pengembang bebal, sudah banyak yang komplain begitu masuk langsung ke video, eh di-update masih aja kayak gitu !.",Negatif,dasar kembang bebal banyak komplain masuk langsung video eh diupdate aja kayak gitu
"udah jelek semenjak kurir nya lebih fokus kan ke shopee express lama amat, dari dulu make shope selalu ada pilihan kurir nya milih jnt sama id express selalu bagus ini jelk amat, tau gini pesan di tt shop",Negatif,udah jelek semenjak kurir nya lebih fokus kan shopee express lama dulu make shope selalu pilih kurir nya milih jnt sama id express selalu bagus jelk tau gin pesan tt shop
baik bagus,Positif,baik bagus
barang - barang belanja lengkap,Positif,barang barang belanja lengkap
barang terlengkap,Positif,barang lengkap
bagus bangett bagi yg mager keluar buat belanja,Positif,bagus bangett yg mager keluar buat belanja
sipp buat belanja,Positif,sipp buat belanja
"No recommended. aplikasi banyak bug, yang bikin jengkel kalo ada notifikasi selalu masuk ke aplikasi shopee dan itu setiap jam!!",Negatif,no recommended aplikasi banyak bug bikin jengkel kalo notifikasi selalu masuk aplikasi shopee jam
rumayan membantu,Positif,rumayan bantu
sangat membantu,Positif,sangat bantu
selama sy order via shopee blm pernah bermasalah,Positif,lama sy order via shopee blm pernah masalah
ok,Positif,
apk ini memang mantap游녨游녨游녨游녨游녨 kembangkan terus,Positif,apk memang mantap kembang terus
baik hati,Positif,baik hati
"Shopee tempat belanja online yang lengkap, murah dan banyak voucher nya",Positif,shopee tempat belanja online lengkap murah banyak voucher nya
Awesoms,Positif,awesoms
pay letter saya di bekukan padahal sering belanja dan tdk ada tagihan,Negatif,pay letter beku padahal sering belanja tdk tagih
"saya sngat senng belanja di shoppy,,, karna shopee adalah aplikasi yg terpecaya pelayanan call center nya ramah,baik, merespon dgn segera, menangani setiap masalh dgn cept...dan sangat aktif.pkoknya the best!! shoppe sellu ada dihati!!",Positif,sngat senng belanja shoppy karna shopee aplikasi yg terpecaya layan call center nya ramahbaik merespon dgn segera tangan masalh dgn ceptdan sangat aktifpkoknya the best shoppe sellu hati
"Shopee adalah solusi belanja online paling terpercaya dan mudah digunakan. Sebagai pengguna, saya merasa sangat terbantu dengan berbagai fitur yang ditawarkan. > Dengan adanya Shopee, saya bisa belanja kebutuhan harian, perlengkapan kerja, dan hobi saya hanya lewat ponsel. Hemat waktu, hemat tenaga. > Shopee bukan sekadar aplikasi, tapi platform yang telah memudahkan hidup saya dalam hal berbelanja aman, cepat, dan hemat.",Positif,shopee solusi belanja online paling percaya mudah guna guna rasa sangat bantu bagai fitur tawar ada shopee belanja butuh hari lengkap kerja hobi lewat ponsel hemat waktu hemat tenaga shopee bukan sekadar aplikasi platform mudah hidup belanja aman cepat hemat
aplikasih nya saya berguna/cuman sayang blm di kasih limit paylater...cuma di kasih limit pinjaman doang kapan yah di kasih limit paylater sama pinjaman,Positif,aplikasih nya bergunacuman sayang blm kasih limit paylatercuma kasih limit pinjam doang kapan yah kasih limit paylater sama pinjam
ok,Positif,
sesuai,Positif,sesuai
bagus,Positif,bagus
mantapp selalu sesuai setiap saya pesan,Positif,mantapp selalu sesuai pesan
baik,Positif,baik
subanallah,Positif,subanallah
mudah dan terpercaya,Positif,mudah percaya
"berbelanja di shopee sllu berasa berbangga diri,sukses sllu shopee仇벒잺",Positif,belanja shopee sllu asa bangga dirisukses sllu shopee
游녨游낕游삟游낕,Positif,
lebih murah,Positif,lebih murah
游봃,Positif,
belanja lebih mudah pakai shopee,Positif,belanja lebih mudah pakai shopee
shoppe emang bagus banget buat belanja online terus cepat dikirimnya pokoknya bagus deh游녨游낕游녨游낕,Positif,shoppe emang bagus banget buat belanja online terus cepat kirim pokok bagus deh
baik,Positif,baik
"recomendet buat yg beli dari luar pulau jawa, walau harga agak naik dari si ijo, tapi diskonnya bejibun 游땘",Positif,recomendet buat yg beli luar pulau jawa harga naik si ijo diskon bejibun
serba ngelag bukannya tambah bagus malah makin berat,Negatif,serba ngelag bukan tambah bagus malah makin berat
sangat membantu dalam aktivitas belanja online,Positif,sangat bantu aktivitas belanja online
saya suka belanja online di Shopee.. karna harga barang nya murah2.. yg bikin suka nya lagi karna ada video live setiap toko memberi penjelasan kualitas produk dan harga nya?,Positif,suka belanja online shopee karna harga barang nya murah yg bikin suka nya karna video live toko beri jelas kualitas produk harga nya
aplikasi yg sangat bermaanfaat sekali belanja online jadi lebih mudah 游뱅游뱅游녨游녨,Positif,aplikasi yg sangat bermaanfaat sekali belanja online jadi lebih mudah
pengiriman cepat,Positif,kirim cepat
"aku lebih suka pesen barang online di apk ini, di yang lain ongkirnya lumayan mahal, disini banyak diskon nya juga. dan untuk pembayarannya bisa ditambahkan dana tidak? pelanggan ku kebanyakan bayarnya pake dana dan kalau ada yang ngirim uang ke dana bukan ke atm, ngambil uangnya jauh游땝",Positif,aku lebih suka sen barang online apk ongkirnya lumayan mahal sini banyak diskon nya bayar tambah dana langgan ku banyak bayar pake dana kalau ngirim uang dana bukan atm ngambil uang jauh
"shoope recommended banget aku suka banget produk nya juga bagus""游땴游눙ongkir nya juga lumayan游땍",Positif,shoope recommended banget aku suka banget produk nya bagusongkir nya lumayan
mantap bnget shopee,Positif,mantap bnget shopee
mantab Shopee Terimakasih atas kehadiranya Dan tingkatkan terus,Positif,mantab shopee terimakasih atas kehadiranya tingkat terus
mantap,Positif,mantap
mantap,Positif,mantap
bagus ini shopee bisa dapat pake tah semua,Positif,bagus shopee pake tah semua
sangat baik,Positif,sangat baik
sangat bagus sekali,Positif,sangat bagus sekali
mantap,Positif,mantap
sangt membantu dalam jual beli,Positif,sangt bantu jual beli
bagus,Positif,bagus
aplikasi bagus,Positif,aplikasi bagus
