full_text,kategori
Shopee terbaik gratis ongkirğŸ¥°ğŸ¥°ğŸ¥°ğŸ¥°ğŸ¥°ğŸ¥°ğŸ¥°ğŸ¥°ğŸ¥°ğŸ¥°ğŸ¥°,Positif
pengiriman nya cepat sebelum estimasi sudah ke terima barang nya,Positif
"Akun dibekukan, saldo shopee masih banyak.. Tidak bisa ditarik, tidak bisa buat belanja. Hati2 jangan asal top up shopeepay, bisa2 uang diambil shopee,,,",Negatif
bagus banget,Positif
Terbaik..ğŸ‘,Positif
estimasi waktu pesanan selalu sesuai,Positif
makasih,Positif
shopee keren,Positif
memuaskan cukup mbantu dan cepet responnx walau ad jg yg salah kirim produk,Positif
ok,Positif
SEDIAKAN NOMOR KURIR APA SUSAH NYA SIH. KALO BARANG GA NYAMPE TUH BINGUNG. CHOKI NGASIH SULUSI AJA ENGGAK. GAK MEMBANTU!!!!,Negatif
dengan adanya aplikasi shopee saya terbantu untuk membeli barang2 yg saya inginkan harganya juga lbh miring dr apk yg laen mksh...mbak shoppe...ğŸ˜˜ğŸ˜˜,Positif
masa aku uda cod cek dulu tapi kaga bisa kenapa ya?,Negatif
kasih tambahan metode pembayaran pakai e walet dong,Positif
bagus,Positif
oke terimakasih,Positif
nice,Positif
shopee edan,Negatif
saya bilang cara memperlambat jam pengiriman ke alamat eh malah gak nyabuk buruk banget shopee males aku kalau cekout lagi,Negatif
aq lebih nyaman belnja di sini sih drpda di krnjang pinkğŸ˜ğŸ™,Positif
top,Positif
bagus,Positif
lebih selektif toko yg tidak amanah,Positif
harga selisih sama aplikasi belanja yg lain banyak discount free ongkir nya..,Positif
"ga bisa kasih kata kata, yang penting bukti nyata",Positif
sangat puas,Positif
huhuiii dah..,Positif
"sangat membantu, dalam berbelanja ..",Positif
Seprti VOC memonopoli perdagangan,Negatif
"semenjak putus sama jnt bikin susah member dan pembeli . ekspedisi lain sda mahal ongkir, lama pula . ksian kami yg di ujung Kalimantan perbatasan malaysia",Negatif
mantap,Positif
"bagus banyak pilihan dari harga dan pengiriman nya jg,,sangat membantu",Positif
bagus bagus,Positif
jelek,Negatif
spx lambat,Positif
sangat enak belanja diaplikasi ini tinggal pencetÂ² aja Tunggu paket datang udah deh..!! kalau aku sih metode pembayaran nya pake COD lebih enakğŸ˜.. terimakasi shopee....!!!ğŸ™ğŸ˜€,Positif
shopee ok.. ğŸ‘ğŸ‘,Positif
"bisa gak iklannya di ilangin gua udh download apk nya masih aja muncul iklan, tolong di hilangin iklannya",Negatif
aku. puas. belanja. di. Shopi. pruduk. murah. pekingannya. bagus. jadi. pecah. belah. gak. hancur. pokoknya. mantul,Positif
Shopee aplikasi ok...pelacakan progress pengiriman sangat mudah dan akurat,Positif
terbaik ğŸ‘Œ,Positif
luar biasa,Positif
Apa ya tiap hari harus update?,Negatif
tepat waktu,Positif
makin gk jelas,Negatif
tolong cek akun aku min padahal aku udah lunasi utang nya kok masih 2/3 harusnya kan 3/3ğŸ«µğŸ˜­,Negatif
bagus,Positif
bagus,Positif
"ini nge bug apa gimana, udah isi saldo kok ngga bisa digunakan ya, padahal saldonya sudah cukup untuk beli barang yang ingin di beli, padahal sebelum sebelumnya bisa digunakan",Negatif
"setelah update ko layar jadi bleng ya...sperti layar rusak jadinya...setelah di buka juga mala langsung ke video...seharusnya beranda dlu jgn langsung video..yg kluar live pakai beha lagi..smkn lama ga manfaat ni yg jualan dan konten seperti itu...di saring dululah konten jualanya,..bagaimana anakÂ²yg buka..bukan utk beli barang mala yg nnton doang konten seperti itu",Negatif
ğŸ¤ŸğŸ¥´ğŸ¤Ÿâ˜ï¸ğŸ˜‰â˜ï¸ğŸ¤šğŸ˜‹âœ‹,Positif
belanja di shopee sangat menyenangkan,Positif
ğŸ‘ğŸ‘,Positif
"tidak bisa update, mohon solusinya",Positif
bisa beli apapun lewat online tanpa harus keluar rumah.terimakasih untuk shoope,Positif
"pengiriman lama,warna orennya kurang bsgus",Negatif
tapmantap,Positif
belanja dishopee sangat memuaskan,Positif
ok,Positif
ok,Positif
bagus,Positif
aplikasi yang bagus,Positif
pengiriman udh ok,Positif
Shopee sangat membantu,Positif
sangat bagus,Positif
meskipun banyak marketplace lain saya tetep d shopee kl belanja..lebih nyaman...,Positif
"kami kurir shopee, tolong dong shopee jangan ada vendor, soalnya gaji saya telat mulu..",Negatif
nice online shop,Positif
"jasa kirim spx anjinglah, pesanan gak gerak, dan cs tidak bisa memberi bantuan",Negatif
aplikasi ini sangat bgss ğŸ‘ğŸ»ğŸ‘ğŸ»,Positif
apk nya bagus bisa belanja apa saja yang aku mau aku sudah pesan apa apa barang nya aman terimakasih shopee,Positif
kenapa Shoope saya selalu ada keterangan aktifitas mencurigakan,Positif
shopee bagus sekali aplikasinya higenis dan sangat cepat,Positif
"Hummm, kerjaanmakin numpuk. gegera rating yg ga jls kgk bisa di hapus",Negatif
Mencoba,Positif
bisa jadi merupakan yang pertama adalah impian semua orang bisa melakukannya dalam kehidupan sehari-hari,Positif
baik,Positif
Alhamdulillah amanah....,Positif
Aplikasi Bagus Untuk BelanjağŸ¤©,Positif
jelek,Negatif
mantap,Positif
joz,Positif
saya sering belanja di Shopee tapi sering lupa ngasih ulasan ..maklum dh tua suka lupa beli di Shopee lumayan g pernah cacad pekayananya bagusğŸ‘ğŸ™â¤ï¸,Positif
ğŸ‘Œ,Positif
tidak bisa mengatasi penjual licik,Negatif
"selama saya belanja DI SHOPEE dari mulai nominal dibawah 10 RB dan diatas 1 JT dan barang saya pesan semuanya sesuai yang saya pesan dan yang saya harapkan, semoga SHOPEE Jaya terus.",Positif
baik,Positif
bayar gaji kurir vendor persada #gajikurir,Negatif
amanah,Positif
apik,Positif
suka banget,Positif
Mudah mudahan tetap amanah ya shopee dan lebih baik lagi. Makasih,Positif
mempermudah semuanya,Positif
bagus banget,Positif
sangat puas belanja di shope barang datang sesuai,Positif
Apakah masih lemotÂ² .... ?,Negatif
sangat bagus,Positif
baik,Positif
sangat membantu,Positif
"shopee tiada yg lain hanya shopee, shopee yg terbaik",Positif
"HAL YG GAK GUE SUKA DARI SHOPEE SEKARANG ADALAH SETIAP PERTAMA BUKA SHOPEE PASTI LANGSUNG KE SHOPEE LIVE, GANGGU BANGET",Negatif
Setelah di update malah ga jelas...,Positif
Saat mau membayar harus melebihi saldo harga misalnya harga barang 200 saldo kita 150 bayar pesanan 130 dengan diskon free ongkir tidak bisa membayar karena saldo kita 150 harus melebihi harga barang 200 ribet mau top up lagi mana top up tidak gratis! Mohon di sesuaikan biar gampang transaksinyaa terima kasih,Negatif
ok,Positif
Baik,Negatif
"dah berkali2 blanja memuaskan bgt, dr yg ori smp yg KW gampang cari produk tp kdg ga sesuai dgn gbr.nya tp sejauh ini okelah... senang bgt blnja di shopee, tingkatkn pelayanannya dan smakin murah berkualitas jg mudah... sukses trus shopee Tp kok lama2 jdi *LEMOOOOOTTTTT** klo liat gbr balik lg ke semula... Hadeeuuh, aplikasi nya makin berattt",Positif
"Aman & amanah, ğŸ‘ğŸ‘ğŸ‘",Negatif
muraaaah,Positif
"akun saya hilang lalu tidak bisa menerima kode otp kembaliğŸ¥² "" hp keriset""",Positif
mantap,Positif
Menggaggu permainan iklannya,Positif
sangat bagus sekali,Positif
bagus,Positif
Saya suka berbelanja di shopee,Positif
sangat membantu,Positif
mantul,Positif
aplikasi yang sangat membantu dan cocok buat beli barang yang tidak ada di toko konvensional,Positif
"sangat bagus, dan terpercaya ğŸ¥°",Positif
mantappp,Positif
agak lama barangnya datang,Positif
amazing,Positif
pengiriman telat,Negatif
T. O. P,Positif
lebih mudah belanja lewat shopee. ğŸ™ğŸ™ğŸ™trimakasih Shopee... semoga kaya selaluğŸ‘ğŸ‘ğŸ‘,Positif
ok,Positif
Keren banget,Positif
bagus,Positif
shoppe is the best sangat amanah terima kasih shoppe lope lope lope,Positif
smg selalu amanah dapat dipercaya,Positif
"Kenapa yah apk shopee skrg jd berat, mau buka loading lama sekali, padahal sinyal bagus,, dulu gk kyk gini sblm saya update,,",Positif
alhmdllah toko2ny sllu amanah,Positif
bagus aja,Positif
rekomendasi,Positif
bagus si tapi saya pernah di tipu,Positif
ğŸ‘ğŸ»ğŸ‘ğŸ»ğŸ‘ğŸ»ğŸ‘ğŸ»ğŸ‘ğŸ»ğŸ‘ğŸ»ğŸ‘ğŸ»ğŸ‘ğŸ»ğŸ‘ğŸ»ğŸ‘ğŸ»ğŸ‘ğŸ»ğŸ‘ğŸ»ğŸ‘ğŸ»ğŸ‘ğŸ»ğŸ‘ğŸ»ğŸ‘ğŸ»ğŸ‘ğŸ»ğŸ‘ğŸ»ğŸ‘ğŸ»ğŸ‘ğŸ»ğŸ‘ğŸ»ğŸ‘ğŸ»ğŸ‘ğŸ»ğŸ‘ğŸ»ğŸ‘ğŸ»,Positif
sll tpt wkt pengiriman y dan barang sll sesuai pesanan,Positif
shopee memberikan kepuasan tersendiri..aku bisa belanja tanpa cape..dan sangat membantu dlm usaha jualan aku..makasih,Positif
bagus,Positif
bagus recommend soalnya pas beli cooler hp trnyata real dongğŸ‘ğŸ‘ğŸ‘ğŸ‘ğŸ‘ğŸ”¥ğŸ”¥ğŸ”¥ğŸ”¥ğŸ”¥ğŸ”¥,Positif
sangat membantu lopyu pkoknya,Positif
"asli nyesel beli kuota di shopee bapuk parah sinyal nya masa udh beli banyak dan mahal masa setiap malam sinyal nya jelek bgt hilang""an jadi GK bisa buat maen game dll",Negatif
"berguna banget sii buat beli beli di online cepat murah,tapi bulan berarti murahan ya",Positif
tiap buka shopee selalu muncul video gak nyaman banget. tolong beritahu saya bagaimana cara setting supaya gak muncul vidio..,Negatif
sangat baik,Positif
saya senang mengunakan Shopee dari pada app yang lain tapi sayangnya sekarang agak susah mencari pengiriman yang bisa kirim ke Sulawesi utara semenjak udah nga ada j&t express,Negatif
spx kamprett paket lama dikirimnya. balikin lg JNT!,Negatif
bagus,Positif
Oke lah,Positif
Good,Positif
mantab,Positif
oke.. bagus,Positif
buruk auto uninstal,Negatif
"ngelek, berat, gaada barang yang aku cariapdahalepngen , mahal aku liat produk yang sama lebih murah yang satunya mahal, ngelek, ğŸ˜¡ğŸ¤¬ğŸ˜¡ğŸ¤¬ğŸ˜¡ğŸ¤¬ğŸ˜¡ğŸ¤¬ğŸ˜¡ğŸ¤¬ğŸ˜¡",Negatif
cocok,Positif
"Sanggat membantu bagget untuk diri saya ,,yang super sibuk ,,makasih shoppy 9,9",Positif
empat dula aja Iyah nanti kutambah trimakasih,Positif
pesen makanan. datang nya sampah. nga bisa di kembali kan. kenapa? takut Shopee rugi kah? penipuan ini. parah,Negatif
sangat membantu kebutuhan hidup jaman sekarang asli sangat lengkap di aplikasi ini,Positif
sopi bagus2,Positif
promo muarah meriah,Positif
karna tidak sesuai,Negatif
Pokoknya bintang 5,Positif
"benerin lah kocak Shopee food nge lag banget anj, kesel gw",Negatif
empat saja dulu..ğŸ˜…,Positif
Bagus sih.. tapi ambil terlalu banyak data.,Positif
bagus,Positif
sdh langganan semua ada di shopee sangat membantu untuk saya,Positif
"beli kuota 4x tdk pernah masuk,, padahal saldo udah berkurang, dan laporan ke cs nya bilang mau ngasih kabar lgi lewat email tapi nyatanya tdk sama sekali. kecewa sama pelayanan nya. ! tolong perbaiki !!!!",Negatif
lemot busuk,Negatif
pengiriman cepat dan tepat waktu,Positif
bagus sekali,Positif
cara pembelian segala macam produk barang yang modern,Positif
bagus serbaguna,Positif
pengalaman belanja yang memuaskan,Positif
bagus,Positif
aplikasi belanja terbaik,Positif
cukup ok,Positif
mantap,Positif
ebbew,Positif
"Aplikasinya sudah bagus, akan tetapi lebih bagus lagi jika ada fitur pencarian barang dikeranjang belanja agar memudahkan saat mau chekout barang yang benar benar di inginkan",Positif
"sekedar saran kalo pesan obat""an baik herbal dan lain"" mohon d prioritaskan... pengiriman nya d percepat",Positif
sangat bagus,Positif
Alhamdulillah barang2 yg Saya pesan selalu memuaskan TDK bikin kecewağŸ‘ğŸ‘Œ,Positif
"aplikasinya bagus, memudahkan untuk berbelanja, banyak gratis ongkir juga, mantap",Positif
Sangat membantu,Positif
cantikğŸ¥°,Positif
keren,Positif
oke,Positif
"kok tiba' saldo shoppe pay berkurang, padahal tidak co untuk apa'",Negatif
bagus kok apk nya,Positif
terpercaya,Positif
"Alhamdulillah, okey, sipğŸ‘",Positif
belanja dgn mudah dan gratis onkir,Positif
Sangat membantu,Positif
Jooooooz,Positif
apk yg sngt bgus,Positif
bagus,Positif
koin gak bisa di simpen lama2,Positif
seneng belanja di shopee barangnya lumayan sesuai harga puas pokoknya,Positif
"sangat puas,barang yg di pesan super gesit & penuh pengawasan,trmksh untuk shopee",Positif
mudah dan cepat dlm order dan berbelanja,Positif
"aplikasi belanja murah dan banyak diskon, sekalipun beberapa barang tidak sesuai deskripsi",Positif
ini katanya pelayanan pioritas cara kerja buruk barang yang tidak sesuai di retur di kembalikan ke penjual kenapa yang di ACC pihak penjual saya kecewa atas pelayanan pioritas buruk tidak profesional saya pengguna shopee 10 tahun kecewa. BINTANG 1 BURUK,Negatif
amanah,Positif
barang bagus minesnya pengiriman membutuhkan waktu..,Positif
"gw buka shopee buat belanja bukan buat nonton video, kenapa setiap buka apl otomatisnya buka shopee live? ganggu banget, mana tambah berat apl nya",Negatif
suka sekali belanja di shopee,Positif
sangat bagus,Positif
"barang sesuai pesanan,, pengiriman tepat waktu",Positif
the best,Positif
tingkatkan promo menarik nya,Positif
nice,Positif
bagus,Positif
Amanah,Positif
no komrn,Positif
mantap,Positif
saya suka,Positif
okk siippp,Positif
mantap Poko nya,Positif
sangat membantu pembayaran,Positif
aku sangat menyukai aplikasi ini,Positif
aku sangat puas dgn shopee pengiriman sangat cepat,Positif
"lebih hemat dan praktis, ngga usah ribet"" cari"" toko",Positif
baik,Positif
sangat murah dan kurir y ramah trimakasih shopee,Positif
bagus,Positif
toko tdk ada keraguan amanah,Positif
aplikasi sangat membantu semua orang,Positif
cepat sampai nya,Positif
selalu mmbrikan pelayanan terbaik,Positif
belanja hemat juga ada banyak pilihan.,Positif
mempermudah dalam urusan belanja dll,Positif
baik,Positif
"banyak pembeli membuat pesanan fiktif dan dengan konyol nya berani mengulang karna ga ada lagi fitur blokir kadang ngembaliin barang seenaknya tanpa alasan dan video,, kalo ada barang hilang dijalan mending diganti sesuai nominal barang kadang lepas tangan aja.. balikin fitur yang dulu dong jangan nyusahin penjual",Negatif
produknya murah dan bagus2 selalu di kasih gratis ongkir dan potongan harga terimakasih lancar selalu,Positif
spaylater sekarang banyak teleponnya.. pagi siang sore mlm pdhl blm lewat jatuh temponya.. dlu ga kaya gini perasaan..,Negatif
tolong kasih fitur hapus riwayat pembelian,Positif
"kenapa selalu lambat saat buka buka shopee, masalahnya dimana?",Positif
respon admin baik dalam penyelesaian masalahğŸ‘,Positif
mantap,Positif
bagus,Positif
MAHAL.TIDAK TEPAT WAKTU/LAMBAT.BANYAK BARANG PALSU. JANGAN PAKE SHOPE DEH KALAU ENGGAK MAU KECEWA!,Negatif
keren bgt buat developer shoppe nya,Positif
tolong lah Shopee foodbya di cepetin njir kelamaan,Negatif
membantu,Positif
Terima kasih shopee bisa dipercaya dan tanggung jawab sangat membatu sekali,Positif
Esti,Positif
bagus buat belanja online,Positif
"respon cepat, ramah dan pengiriman sangat baik",Positif
sangat bagus,Positif
mantap coy,Positif
dibanyakin gratis ongkirnya...!!!,Positif
aplikasi yang membantu,Positif
Apk bagus aQ suka mantaaap lah,Positif
mantappp ..,Positif
mantap belanja di Shopee.... well,Positif
ok,Positif
sukses selalu buat Shopi gak kecewa belanja di siniğŸ‘ğŸ‘,Positif
mantul,Positif
pokok e josssss,Positif
semenjak tidak kerja sama dengan J&T pengiriman lama banget,Negatif
mantap,Positif
shopee sangat membantu dan terpercaya... mantap.ğŸ‘,Positif
coba coba dulu,Positif
kren,Positif
"sepertinya perlu kebijakan yang lebih baik lagi terkait shopee live. karena seringnya, produk yang ada di live tidak sesuai dengan yang dikirim",Positif
Shopee ini sangat bagus dan terjangkau harganya,Positif
banyak gratong nya enak ehehe,Positif
ok bagus bisa ngebantu kalau lagi di butuhin...,Positif
suka belanja di shopee.semoga amanah tinggal pakai,Positif
"pinjaman s pinjam nya di tambahin lagi ya, biar lebih tambah semangat pake Shopee",Positif
Sangat mmbntu,Positif
Perbaiki dulu apk nya baru jualanğŸ‘ŠğŸ‘Š,Positif
"barang cepat sampai ,...",Positif
sangat puas,Positif
"lumayan , dari pada jalan keluar",Positif
untuk aplikasi shopee ğŸ‘ğŸ»ğŸ‘ğŸ»,Positif
sangat puas,Positif
"saya baru menggunakan shopee,tp saya selalu puas dg barang yg saya order Krn sesuai dengan gambar,kurir pun ramah",Positif
top lah,Positif
sangat membantu,Positif
shopee is the best..,Positif
ok,Positif
suka belanja disini ongkirnya bisa dikondisikan,Positif
"sangat....sangat buruk kurirnya,pas masih ada J&T 3 hari sampai,sekarang pake SPX 7 hari baru sampai,mengecewakan....!!! Semua juga ngeluh seperti itu...",Negatif
sippp,Positif
buruk,Negatif
begitu masuk aplikasi langsung ke video live dan tutup aplikasipun tetap bersuara. sangat mengganggu,Negatif
Sangat bagus,Positif
bagus aplikasi nya sesuai,Positif
"opsi kalo lagi males belanja ke luar sama sellernya rata"" amanah",Positif
mantap,Positif
bagus,Positif
mantap dan terpercaya,Positif
sangat membantu,Positif
Sangat memuaskab,Positif
sangat murah meriahhhh,Positif
sangat bagus,Positif
"sejak JnT tidak mendukung pengiriman shopee, sekarang jadi lama dalam pengiriman. jadi malas belanja di shopee lagi.",Negatif
memudahkan jual beli,Positif
ê§ãƒ„á´±Ë£Xzâ€¿ãƒ¡ï¼¬ï¼µXäº—u176 Lkã‚ºçˆ¶â•°â˜¯ä¹‚Farzzæ„›á´¹á´¿,Positif
Bibit sdh sampek Bagus dbonusin satu..trims Bonus nya...ğŸ™ cm Kurir tdk jujur...mslh Pembayaran...lbih dari yg tertra di Shopee nya...cm ya sdh lah...tuk pljaran kdpan...ğŸ¤£ğŸ¤£ğŸ¤£,Positif
bagus cokk,Positif
senang berlangganan dengan shopee mantapp cepat dan tanggap,Positif
lumayan cocok sejauh ini,Positif
is the best..ğŸ‘ğŸ‘ğŸ‘ğŸ‘ğŸ‘,Positif
sangat puas..,Positif
Pembelian/pemesanan tepat waktu,Positif
excellent...,Positif
bagus,Positif
lumayan bagus.,Positif
Baguss bangett,Positif
sngt membantu.aplikasi yg cukup baik,Positif
belanja di shopee mantap,Positif
pesanan amanah sesuai dengan harga...,Positif
gacorr,Positif
Tidak ribet,Positif
sangat bersemangat.. ğŸ‘ğŸ‘ğŸ‘ğŸ‘ğŸ‘ğŸ‘ğŸ‘,Positif
luar biasa Joss tingkatkan kecepatan dlm pengirimannya .,Positif
mantap,Positif
tidak pernah kecewa,Positif
Terima kasih shoppe . love you,Positif
Apik sip joz mantep,Positif
keren... tapi akhir2 ini kurang nyaman karena CO selalu dibatalkan,Positif
the best platform,Positif
selama ini baik. tpi limit tidak bertambah tambah padahal TDK pernah telat pembayaran.,Positif
ok banget,Positif
baik,Positif
sandat bagus,Positif
saya sangat menyukai shopee,Positif
"saya sudah hapus apk shopee dari hp saya..pelayanan shopee buruk,pengalaman saya pada pengembalian dana kompensasi Rp.25.000 yg dijanjikan paling lama 1x24 jam hingga pada saat ini tidak ada jawaban yg pasti,saya Uda chat dan tlpon cs shopee jawabannya tetap sama masih dalam tahap pengecekan...Rp.25.000 Uda kayak Rpm250 juta aja..tim shopee lambat dalam penangan...sampah",Negatif
barang yg dibutuhkan disini lengkap,Positif
"saya kecewa sama pengiriman paket shopee agak lama ga sesuai estimasi, waktu pembelian paket estimasi tiba tanggal 25-04-2025 ini makain tambah lagi tanggal tiba 28-04-2025, kecewa bangat sama pengiriman paket nya. jadi makin lama lagi estimasi nya",Negatif
aplikasi ny bagussğŸ‘ğŸ‘ğŸ‘,Positif
seru belanja disini karna banyak promo dan gratis ongkir,Positif
udah 6 kalu transaksi belum ada kekecewaan . semoga kedepan semakin jaya . ğŸ’ªğŸ»ğŸ‘,Positif
sangat membantu,Positif
ğŸ‘,Positif
"Susah nyari barang di sekitar Sumsel, kebanyakan dari pulau Jawa.. saya sudah filter pencarian barang (hanya Sumsel) tetapi pencarian teratas mengarah ke toko dari pulau Jawa semua... Gratis ongkir, prett..",Negatif
"tiap buka aplikasinya selalu ke video/live, optimalisasi ampas kaya my telkom tapi lebih parah.",Negatif
"kenapa shopee pinjam sekarang ribet banget ya tanggal jatuh tempo gak jadi satu aja di awal bulan semua, kalo berdasarkan sama tanggal peminjaman jadi ribet kadang ada yang suka kelewatan. dibuat jadi satu aja supaya gampang ngatur keuangan nasabah peminjamnya. sering ada kelewatan yang belum dibayar malah jadi telat terus kena denda... bikin repot",Negatif
pesanan oke sesuai banget,Positif
mantap,Positif
oke,Positif
"Sayang di ket barang sdh sampe di lokasi, tp baru di anter 2 hariNya padahal barang sy sngt urgen mau di pake",Positif
"belanja di shopee, mendapat banyak kemudahan , tokonya jg ramah, pokoknya nyaman lah",Positif
Shopee is the best...,Positif
"selalu amanah,...mempermudah belanja...",Positif
mantap,Positif
semakin suka sama shoope karna banyak diskonnya,Positif
saya minta toko yg amanah saya sering mendapatkan kekecewaan mohon pengertiannya,Positif
"kaa aku penjual di Shopee tolong dong jnt masukin lagi ke Shopee, soalnya ekspedisi di lokasi saya hanya jnt. lainnya jauh2 diluar kabupaten ğŸ˜­",Positif
mantap,Positif
"harga murah, pengiriman cepat",Positif
Saldo shopeepay saya ga masuk masuk. Laporan cuma disuruh nunggu.,Negatif
selalu puas belanja disini,Positif
mantap..sukses selalu tetap jaga kepercayaanğŸ‘,Positif
pelayanan buruk,Negatif
bagus,Positif
sangat membantu,Positif
Tebar terus disconğŸ‘ğŸ‘ğŸ‘,Positif
"aplikasi bagus, cuma bermasalah di kurir. selalu begitu... pernah COD ku di blokir, itu garaÂ² kurir... kadang kurir menghubungi waktu mau solat magrib..",Positif
memudahkan berbelanja untuk orang yg kurang waktu untuk keluar rumah,Positif
bagus aplikasi nya mantap,Positif
good,Positif
Nice banget .. !!! I Like shoppe,Positif
tlong no kurir di cantumin jdi pket salh orang bisa dihubungi . pdahl uda ada biaya jln nelpon seluler ga ga mw mlh pket di balikin ke penjual,Positif
mabtap,Positif
Bagus Semoga makin berkembang,Positif
"Sangat memuaskan banget belanja di shopee karena harga barangnya murah-murah dan barangnya ORI, pokoknya mantap de belanja di shopee., Semoga sekarang dan seterusnya shopee slalu berkembang terus dan makin bersahabat dengan harga dan pembeli TERIMAKASIH ğŸ¥°ğŸ‘ğŸ‘",Positif
Setelah bbrpa kali psan barang dari shopee alhamdulillah sangat memuaskn dengan harga yang terjangkau ! shopee semakin sukses,Positif
Bagus banyak bonus nya,Positif
oke...,Positif
cepat pengantaran,Positif
bermanfaat,Positif
selalu mantap danterpercayağŸ‘ğŸ‘,Positif
tolong jasa pengiriman J&T diadakan lagi!,Negatif
apk yang sangat bagus,Positif
"lu niak kaga bikin aplikasi gua udah platinum woy ,telat bayar berapa hari doang ,itu pun pertama kali gua dari awal bikin shopy ,gua GK bisa pke lagi tuh mau gua pake susah amat ,ini aplikasi parah banget pengen nyari untung nya doang ,dasar dongo , aplikasi dongo idiot ,nyusahin orang ,tolol sumpah Gedeg banget",Negatif
"iklan di tiktok nya ngeselin, geser dikit pindah aplikasi",Negatif
bagus sesuai dengan pesanaan,Positif
lumayan sih aplikasi nya memberi kemudahan,Negatif
membantu sekali dalam berbelanja online,Positif
bagus,Positif
aplikasi ya bagus,Positif
bagus,Positif
udah Yampe bahan Ok tokonya Amana Mantul Nn kasih mau order lagi,Positif
exp pake SPX malah tambah gak karu karuan.. kiriman sangat lama 4-5 hari itupun kadang belum sampai rumah dengan alasan alamat kurang lengkap atau orang tidak di rumah padahal alamat sama nomor telp sudah jelas sedangkan JNT 2-3 hari sampe,Negatif
Bisa kumpulin koin,Positif
mantap,Positif
suka,Positif
cepat dan tepat,Positif
Ok punya,Positif
menurut aku sih bagus bagus aja yah min selama aku pakai Shopee blm ada kendala sama sekali,Positif
kiriman cepat sampai,Positif
"kurirnya pada males kerja semua, barang tinggal antar ke alamat aja padahal, malah dikembalikan ke penjual, blog!!",Negatif
e commerce paling mantap,Positif
aku sangat suka shopee,Positif
sangat membantu,Positif
oke dan keren,Positif
bagus bangat untuk kita yang introvert kan jadi gampang buat belanja,Positif
senang belanja di toko orwn,Positif
tolong tambahkan fitur penghemat quota .,Positif
sangat berguna,Positif
mantap,Positif
Mantap Keren lah pokonya,Positif
mantap bonus koinnya guy,Positif
"cepat ,tepat waktu ğŸ‘",Positif
caranya simpel.. banyak gratis ongkir.. kalo rajin ngumpulin poin lumayan bisa buat ngurangin harga belanjaan.. barang dtaang ke rumah jd kita gak perlu ke pasar. kalo barang reject bisa dibalikin dengan tanpa biaya dan uang kita kembali sepenuhnya. harga barang murah cocok buat jual lagi di kampung.,Positif
ku hanya ingin mencoba belanja di aplikasi ini soalnya aku kena tipu di aplikasi lazada. apakah aplikasi ini tidak scam,Positif
Mntap,Positif
"baik, bagus.",Positif
mantap,Positif
Mudah dan praktis berbelanja dishopee,Positif
good,Positif
pas buka aplkasi langsung ke toko yang sedang live bukan ke beranda,Negatif
"sekarang pengiriman shopee melalui spx kok lama ya, padahal masih 1 kota lo, harusnya kan 2/3 hari an sudah sampai ke alamat tujuan",Negatif
sangat cocok,Positif
sukaa,Positif
"layanan toko sangat ramah,kualitas bagus dan standar harga sangat terjangkau,,",Positif
sangat membantu sekali,Positif
sangat membantu,Positif
Bagus,Positif
sangat mudah membeli barang yang sesuai kebutuhan,Positif
"tombol back di hp gak pake kalau mau kembali harus di aplikasi shopee di atas kiri , bikin ribet. trus yang bikin game bubke sama candy di shopee mending mati aja orangnya game sampah",Negatif
aplikasi yg bagus,Positif
mantap,Positif
semoga lebih baik lagi kedepannya buat shopee,Positif
awsome,Positif
biaya ongkir kagak ngotak mahal,Negatif
"Untuk aplikasinya sudah bagus, saran saya jangan bkerjasama dgn ekspedisi yg tidak kompeten, misal anteraja, itu ekspedisi ga layak untuk diajak kerjasama, kurirnya bnyak yg tidak kompeten, terimakasih...",Positif
"shopee apaan dah. pembaruan, pas di buka langsung halaman video. ini hp jadi nge lag ğŸ˜­ tolong ye. klo baru buka ya ke beranda aja.",Negatif
sangat puas dengan kiriman nya suami ku suka bnget tas nya langsung di pake ğŸ˜,Positif
bagus sekali,Positif
ya seperti mall kita ga perlu keluar rumah bisa sambil apapun sekalian sambil di kamar tidur.intinya mall ada di genggaman,Positif
"Aku suka belanja di shopee,,karena lebih praktis dan ekonomis apalagi aku sering banget dapet voucher dari shopee,, makasih shopee untuk voucher dan pengalamannya",Positif
"shopee apk yang sangat membantu,apalagi buat orang orang yang sibuk semangat terus yah",Positif
seneng bngt pokoknya belanja di shopee ...mempermudah bngt,Positif
"maaf. untuk menjaga prifasi seseorang. agar barang yg sudah pernah di beli, bisa di hapus dari daftar pesanan yg sudah selesai. soalnya gak semua barang yg di beli. itu untuk umum. terkadang untuk prifasi diri sendiri. mohon segera di tindaklanjutiğŸ‘",Positif
jozzz,Positif
sangat senang atas pelayanan dr shopee...dan sangat membantu,Positif
bahannya lmbut nyaman .,Positif
"banyak promonya,harga murah meriah....",Positif
aplikasi butut,Negatif
bagus bangettt aplikasinya saya suka aplikasi ini,Positif
mantappp,Positif
lama kirim nya. lama datang barang nya.,Negatif
"akun saya gak bisa buka opsi pengiriman.,semua cara sudah dicoba tp tetap bermasalah(blm ada solusi)",Negatif
"Sya pengguna yg udah bertahan tahun butuh apa di sini. Tapi kenapa Setelah update malah sering error aplikasinya?, mau co pesanan jadi susah, udah aplikasinya makin berat, makan banyak memori, banyak fitur yang ga begitu berguna juga. Klo masih begitu lama-lama pindah ke tt ini ğŸ™„",Negatif
shopee. mantap ğŸ‘ğŸ‘ğŸ‘,Positif
membantu disaat situasi mager...,Positif
lumayan,Positif
Jos ğŸ‘ğŸ‘ğŸ‘ğŸ‘ğŸ‘,Positif
Belanja lebih mudah hemat waktu hemat biaya barang berkualitas pengiriman barang cepat barang lengkap sesuai dengan kebutuhan,Positif
selalu bagus dn tepat waktu,Positif
"Shoppe pinjam bunga nya tinggi gila riba makin kaya shoppe,paket lemot parah dri 08.57 baru dikrim sore jam 16 00",Negatif
shopee menurut saya sangat membantu karna dapat berbelanja sangat praktis dan fleksibel tidak perlu repot-repot lagi mencari barang dan shopee tidak pernah penipuan menurut saya shopee dapat membuat keuntungan dengan vhocer yang beragam dan dapat mendapatkan koin agr bisa berbelanja dengan harga terjangkau dan dapat Hemat produk sangat lengkap apapun yang dicari pasti ada cukup tingal klik tidak perlu repot-repot membawa belanjaan tidak perlu sampai kesana kesini untuk mencari barang barang,Positif
bagusgus,Positif
Mempermudah Belanja Online kita,Positif
Ga jelaa,Negatif
oke bisa membantu pesanan yang di butuhkan sesuai dengan yang di pesan,Positif
terbantu bngat,Positif
sangat memuaskan,Positif
sangat membantu kebutuhan aku dan keluargaku ğŸ‘ğŸ‘ğŸ‘,Positif
blanja disopi itu menyenangkan bisa beli apa saja yang aku inginkan,Positif
"iklan shopee dimana mana nyebelin, aku buka apk lain padahal sudah di keluarkan (x) tapi tetep diarahin ke playstore. jadi berulangkali harus buka apk dari awal, progressnya hilang, mana kdg bisa lemot gara gara iklan shopee. hmmm",Negatif
Satu-satunya market place nomor Wahid dan masih tetap yang terbaik,Positif
sangat menarik,Positif
"SMNJAK SHOPEE UDH GA KERJA SAMA LAGI SAMA JNT SHOPEE BNR BNR JELEK BANGET SUMPAH NAJIS. smua paket gua dianter spx gada yg sampe dirumah, ilang semua. smga pihak shopee bisa aware sama ini kalo gini customer dan penjual yang rugi karena paket mrka ilang entah kemana. shopee tlong baca ini dan evaluasi spx udh 2 paket gua ilang entah kemana!!!!",Negatif
"Maaf, semakin tak nyaman saja nih, baru masuk ke aplikasi langsung ke live, mana tak bisa dimatikan pulağŸ™ğŸ¿ğŸ™ğŸ¿, Semakin di update semakin tak nyamanğŸ™ğŸ¿ğŸ™ğŸ¿",Negatif
Mohon barang nya cocok dg pesanan.agar pelanggan Merasa puas dgn pesanannya,Positif
ok mantap,Positif
bagus prngirimannya,Positif
"shopi taiii pinjaman lunas pas 2 minggu mau pinjam gak d acc, pinjaman penjol riba laknatulloh .. kawas te doraka wae ... dasar iblis",Negatif
bagus,Positif
shopee memang aplikasi belanja onlen yg paling terbaik,Positif
baguss,Positif
mo beli apa aj ada wes,Positif
mantab,Positif
min tolong kedepannya bisa belanja di shopee kirim ke luar negeri biar produk Indonesia bisa export skala kecil,Positif
"setiap ada iklan shopee di dalam game pasti kalau dipencet tanda silang (melewati iklan) pasti akan ke aplikasi shopee , itu ganggu banget pas ada iklan shopee di game . . . . apalagi hp ku yang kalau keluar game akan ulang kembali/loading lagi saat masuk game lagi",Negatif
semoga amanah,Positif
shoopee bagus,Positif
mantap,Positif
mantap ongkir murah gak kaya apk sblh,Positif
mantap,Positif
Cod di noaktifkan,Negatif
mantap,Positif
jgn suka ksh harapan tiap sebentar iklan ajukan pinjeman percuma aja akun sy di blok klu bisa buka blok akun sy,Negatif
mantap,Positif
memberikan kemudahan dalam bertransaksi,Positif
sophe gratis ongkir pengiriman cepat,Positif
Bagus BngtğŸ‘ğŸ‘â¤ï¸â¤ï¸â¤ï¸ğŸ˜ğŸ˜ğŸ˜ğŸ˜ğŸ˜ğŸ˜ğŸ˜ğŸ˜ğŸ˜âœ…âœ…âœ…âœ…âœ…âœ…,Positif
mantap...,Positif
dulu saya kasi 1 bintang ktn JNT sangat lama. sejak ada spx jadi cepat,Positif
jangan ragu belanja di shopee barang nya bagus bagus bisa dan murah sekaligus bisa cod,Positif
Nice app,Positif
ok,Positif
menyenangkan â™¥ï¸,Positif
mantul,Positif
"biaya layanannya mehongg betull.. udah males pesen shopeefood juga, biayanya bertele tele ğŸ˜’ mana lemottt bgt lg. ih sebel.. kamu tuu sering ngebug... tolong di perbaiki lagi deh ğŸ™„",Negatif
semenjak jasa pengiriman dirauk sama shope semua pengiriman jadi lama beda sama j&t gais pengiriman cepat mending belanja di tik tok aja di shope mah kurir nya juga suga maen retur retur aja ga ada konfirmasi lagi hade spx spx,Negatif
apikasi yg bagu sekali,Positif
Sangat suka sekali,Positif
bagus,Positif
kasi bintang 4 aja,Positif
josss sesuai barang.semoga tambh laris,Positif
"slku gratis ongkir,dan pengirimannya cepat",Positif
mantap promonya,Positif
mantap,Positif
Aplikasinya setelah diupdate semakin lemot,Negatif
saya suka belanja di aplikasi Shopi karena pelayanan yang baik dan ramah semoga aplikasi Shopi selalu Abang dalam melayani konsumen di mana saja sekian terimakasih ğŸ¤©ğŸ¤ğŸ¤ğŸ¤,Positif
semoga shopee berjaya terus,Positif
"mohon maaf sebelumnya untuk pihak shopee. Saya sebelumnya pernah beli susu s-grow di akun dengan nama dr.Chika tetapi susunya expired saya ingin meretur tetapi di aplikasi nya tertulis mohon maaf barang ini tidak bisa di retur, saya sudah chat dengan penjual nya tetapi tidak di respon dan sudah chat dengan pihak shopee nya juga tidak ada penjelasannya, paket saya datang hari kamis, 24 April 2025 dan barangnya expired tanggal 15-01-2025. Terimakasih",Negatif
tempat belanja mantab,Positif
Aplikasi sangat bagus... barang sesuai pesanan ğŸ‘ğŸ‘ğŸ‘,Positif
good shopee,Positif
bagu bisa belaja geratis ogkir,Positif
kita bisa belanja tanpa mengeluarkan biaya besar,Positif
"shopee dulu bagus dan cepat. sekarang semenjak kurir cuman spx doang kacau. paket dibatalkan padahal sudah dalam pengiriman dekat dengan alamat, paket datang selalu molor dari estimasi bahkan sampai seminggu lebih. lebih baik kerjasama dengan kurir jnt dll seperti sebelumnya daripada pakai spx bobrok pelayanannya. paket sudah dalam pengiriman nunggu 5 hari tibaÂ² di cancel sama pihak kurir shoope. sangat tidak nyaman pakai spx",Negatif
bagus dan sangat berguna,Positif
mohon di aktivkan kembali layanan paylater saya terimakasih,Positif
luar biasa,Positif
mantp,Positif
"pengiriman sangat cepat,kurir ramah,barang sesuai yang di pesan",Positif
bagus barang nya,Positif
"dari dlu pake sopii trus, muali lahiran aku prtma sampe ke 3. sampe anak"" ku di panggil anak sopi",Positif
ğŸ¤©ğŸ¤©ğŸ¤©,Positif
bagus,Positif
suka banget belanja di sini,Positif
sangat puas dengan produk dan pelayanan nya,Positif
"udah 2 kali akun ku terblokir, alasannya krna ada yg mencurigakan. Apa yang mencurigakan coba? sy mau pesan tas malah tibaÂ² ada notif bgtu.",Negatif
mantap,Positif
"saya bertahun tahun memakai aplikasi shopee dari berbagai akun google, TAPI BARU KALI INI SAYA KECEWA, APLIKASI BERAT !! PERTAMA MASUK APLIKASI KITA DI SUGUHKAN VIDEO DAN LIVE ?? KEMBALIKAN SHOPEE YANG SEBELUM NYA",Negatif
Alhamdulillah sangat memuaskan ber belanja di aplikasi shopee,Positif
oke banget.,Positif
"mudah, aman, nyaman",Positif
untuk saat ini buruk ada masalah akun saya dan istri saya tidak terselesaikan semenjak kerja sama sama spinjam dan spaylater,Negatif
belanja online dengan mudah ğŸ’¯ğŸ‘,Positif
ğŸ‘,Positif
"biasa langganan shopee vip udah lumayan lama jg biasanya banyak vocher gratis ongkir 0 rupiah sebanyak 99x kalo ga salah, tp kaget baru kali ini kok gratis ongkir 0 rupiahnya cuma 10x doang yg lain ada min belanjağŸ˜­ tolong dong pihak shopee buat munculin vocher gratis ongkir 0 rupiah kaya dulu lagi soalnya aku bayar cuma nyari gratong yg banyak kebanyakan sekarang pesan barang ke luar kota msti ada ongkirnya karena aku jualan di rumah nyari keperluan apa2 biasa di shopee makanya langganan vip",Positif
"aplikasi dancu, lemot banget di akses acuuu...",Negatif
sangat baik,Positif
aplikasinya bagus buat belanja,Positif
ongkir mahal amat,Negatif
mantap gan sesuai kebutuhan barang Ok,Positif
shopee is the best,Positif
"Masih ada penjual yg curang, tolong agar lebih selektif, agar konsumen tdk dirugikan. Terimakasih",Positif
Bagus suka dan bagus..,Positif
aplikasi belanja online yang paling bagus ğŸ‘ğŸ‘,Positif
pelayanan kurir sangat tidak baik,Negatif
Lebih murah dan pesanan cepat nyampe,Positif
mantap,Positif
kirimm danaa plc,Positif
bagus banget SPinjam nya .. limit aku naik terusğŸ‘,Positif
suka jadi belanja,Positif
very good,Positif
Bagus,Positif
"COD nya hilang, gara-gara kurir nya gak mau ngantar paket saya ke alamat tujuan, saya disuruh ambil sendiri di rumah kurirnya. akhirnya COD saya di hilangkan oleh pihak Shopee. kesalahan dari kurir, tapi imbasnya ke akun saya.",Negatif
mantaap,Positif
aneh yg batalin kurir tpi kmi yg disalahin. mending belanja di aplikasih lain,Negatif
keren,Positif
baru update malah lemot gimana ini,Positif
bagus,Positif
mantap mantul,Positif
mantap,Positif
bagus....meski banyak lapak serupa tapi saya memberi kepercayaan penuh terhadap shoopee untuk belanja keperluan yang TDK tersedia di kota tempat aku tinggal ..dan sejauh ini...TDK pernah mendapatkan hal2 yang tidak mengenakkan dari shopee ...yahhh paling persoalan miskomunikasi aja sama penjual...bukan sama aplikasi ..tingkatkan terus aplikasinya ya...good job,Positif
bagus banget harganya murah murah lagi kualitas yang ğŸ’¯,Positif
Banyak pilihan produk yang dibutuhkan dan dapat koin yang bisa dipakai untuk diskon harga barang.,Positif
cepat dan pas kalau belanja.,Positif
semoga lebih baik dan lebih lancar proses pengirimannya ke depan,Positif
sangat bermanfaat,Positif
mantap,Positif
shopee memang mantap ğŸ‘ğŸ‘ğŸ‘ semua suka shopee.,Positif
"1 kata ""nyaman""",Positif
kepada pengembang shopee untuk memperbaiki setiap kali membuka aplikasi shopee selalu masuk ke video tolong jangan langsung ke video terkadang suara video pendek selalu ada padahal sudah pindah ke bagian menu lain,Positif
bagus,Positif
"kok akun saya gak bisa cod ya, bantu dong pulih kn lg",Negatif
buruk ada spaylater gak bisa dipake ada cod gak bisa dipake shopee asuuu,Negatif
sangat membatu saya mencari barang yang saya mau,Positif
"Kenapa aplikasi shopee lemot, terkadang sulit di buka.hp terasa berat sekali karena saat di buka langsung ke live, jadi perlu jaringan yg kencang sekali. mohon untuk segera di optimalkan lagi seperti dulu.. Dan juga akun2 fake untuk di bersihkan ya..",Positif
memudahkan dalam berbelanja,Positif
"aplikasi bagus,pengiriman barang sesuai",Positif
suka bgt sama shopee ...penjual ramah kurir juga ramah barang cepat sampai nya dan kualitas nya juga sepadan dengan harga nya,Positif
gak niat ngasih diskon ğŸ‘ langganan VIP percuma gak bisa dipakai voucher nyağŸ‘ğŸ‘ğŸ‘ğŸ‘,Negatif
walau pernah ketipu dan beberapa paket dibatalkan shopee hingga produk soldğŸ˜µâ€ğŸ’«ğŸ«¨tapi tetap oke masih setia ğŸ¤—ğŸ˜„,Positif
"pengiriman telat, malu sama iklan expedisi nya ngacoo",Negatif
ğŸ˜ğŸ˜ğŸ˜ğŸ˜ğŸ˜ğŸ˜,Positif
Gratis ongkir nya cuman potongan 5.000 saya kurangi bintang nya,Positif
Yo AA,Negatif
ğŸ‘ğŸ‘ğŸ‘,Positif
"memudahkan pembelian keperluan kami barang bagus,datang tepat waktu",Positif
mantapp,Positif
"aplikasi shopee sangatlah bagus dan harganya murah dan juga datangnya lebih cepat lagi,pokoknya tu aplikasi shopee itu paling tervavorit untuk ku,jadi kalian harus punya aplikasinya ya supaya bisa mendapatkan diskon dari shopee,cepetan segera donlowd aplikasi shopee sekarang dan dapatkan diskonya",Positif
"Tulisan deskripsi remang remang, jadi ga enak dibaca",Positif
gk bisa cod,Negatif
Alhamdulillah barang yang udah sy terima dengan baik mantep semoga awet terimakasih toko nya amanah semoga sukses selalu dan barokah Aamiin,Positif
lengkap bgt dan pengiriman nya cepettğŸ˜„ğŸ˜„ğŸ‘ğŸ»ğŸ‘ğŸ»ğŸ‘ğŸ»,Positif
Beres,Positif
"Tolonggg pengiriman nya di evaluasi lagi,masa paket nya malah muter"" terus rute nya ga sampe"" kerumah,terus kalo udh lewat estimasi malah ga bisa di cancel lagi,pdhl kesalahan pengiriman nya sendiri lebih dari estimasi hmpir 2minggu. payah",Negatif
"barangnya murah gak murahan, cepat tanpa ribet",Positif
apapun barangnya klo belanja di Shopee pasti puas,Positif
murah dan berkualitas,Positif
ğŸ‘Baik,Positif
sangat membantu dan efisien,Positif
amanah,Positif
kecee,Positif
keren,Positif
mantap,Positif
sepp,Positif
semoga amanah seterusnya,Positif
ğŸ¤¬ğŸ¤¬ğŸ¤¬ğŸ¤¬ğŸ¤¬ğŸ¤¬ğŸ¤¬ğŸ¤¬ğŸ¤¬ğŸ¤¬ğŸ¤¬ğŸ¤¬ğŸ¤¬ğŸ¤¬ğŸ¤¬ğŸ¤¬,Negatif
"belanjalah di shopee akurat dan memuaskan dan jangan ragu semua produk yang anda inginkan pasti ada apa sih yng ga ada di shopee semuanya ada juga banyak discon dan murah tapi ga murahan dan dengan produk barang sesuai harga.wasalam A,MURODI JATIRAGAS.",Positif
indoverse anjing emang,Negatif
ok,Positif
nice,Positif
sangat..sangat terbantu dgn kebutuhan alat2 pertukangan..dll,Positif
mantapppp,Positif
"paket sampai tepat waktu, mas kurirnya juga ramah, barang bagus, pengemasan sangat bagus",Positif
TOP.......toko yg ga Amanah hapus,Positif
barang real dan pelayanan bagus,Positif
lama proses penhiriman nya,Positif
Terimakasih Shopee barang pesanan saya tiba tepat waktu,Positif
Shoppe semenjak gak kerja sama lagi dengan j&t kurir pengiriman jadi lelet banget bukan nya tambah maju jadi kaya mundur begini perusahaan!! Jadi nyesel saya belanja di shopee !!,Negatif
shopee good,Positif
bagus,Positif
ini saran dari saya kalau bisa cantumin nmr kurirnya biar kalau pengiriman salah ke rumah orang kita bisa langsung tlpn kurirnya iya kalau nyasarnya ke tetangga kita kalau jauh kan gak bisa gimana gimana,Negatif
ok,Positif
mantap,Positif
"shopee emang luar biasa, tempat belanja online terbaik",Positif
pesanan sudah datang makasih,Positif
Ada SELLER (TOKOSHENAR88) TIDAK MAU MENGEMBALIKAN UANG. PADAHAL BARANG SUDAH DIA TERIMA. !!!,Negatif
"Aku suka banget beli apasaja di shopee ,karna sering dapat diskon dan gratis pengiriman, trimakasih shopee.",Positif
sukağŸ«°,Positif
senang berbelanja di shoope,Positif
"shopee jgn hilangin mode HEMAT dari shopeefood pls.. berguna bgt buat anak kos kyak aku, tengs shopee",Positif
bagus,Positif
minta diskon yg banyak. ..,Positif
"sering gratis ongkir gara""uda ada spx",Positif
belanja mudah harga hemat barang sesuai deskripsi,Positif
"secara keseluruhan Shopee bagus. Tetapi ada juga penjual nakal di shopee, mohon pihak shopee untuk mengeluarkan penjualan yang nakal. terimakasih",Positif
"penyelesai an masalah yang lambat dan/atau tidak tuntas berlarut larut, tidak ada sanksi untuk kurir yg nakal .. hati hati gunakan sPayLater, sy gunakan fasilitas itu..dan sering sy bayar semua cicilan nya alias lunas... tetapi ketika kita terlambat 2 hari saja 2 bulan terakhir maret april 2025, kita diteror dgn telp yg tidak dikenal bisa 5x lebih dalam 1 hari.. ketika kita bayar..telp telp itu lsg hilang...ğŸ˜¡",Negatif
ok,Positif
saya suka:betul betul betul,Positif
Bagus dan manfaat,Positif
Menyala shopeeğŸ”¥ğŸ”¥ğŸ˜­,Positif
"knp saya kalau daftar shopepay selalu ditolak padahal data sudah valid , ini sungguh mengecawakan",Negatif
bagus,Positif
"huh, kenapa sih setiap buka Shopee selalu ngeleg seperti pas jaringan lagi bagus eeh tiba tiba gak bisa lihat produk juga gak bisa nonton video Shopee",Negatif
memuaskan,Positif
sangat bermanfaat,Positif
"pkoknya puas belanja di shope .ada sopylater jd bs kredit barang2...limit jg bakal bertambh trs....hapus aja apllikasi2 belanja yg laen...gak guna,,",Positif
no koment,Positif
mantap banget ğŸ‘ğŸ‘ğŸ‘ pengiriman nya tepat waktu cepet lagi ğŸ¤­ğŸ¤­ğŸ¤­ğŸ¤­,Positif
"sekarang malah sering keberatan di ongkir,biaya penanganan nya juga besar kali sekarang.",Positif
bagus,Positif
terbaik,Positif
Pokoknya shopee yg terbaik mantap dari duru sampai sekarang ttp ok ok ok mantap Shopee,Positif
keren banget,Positif
"Shopee food and verry good, serba ada konplit banget...ğŸ‘ğŸ»",Positif
smakin mudah berbelanja dan barang juga sesuai harga serta terjangkau,Positif
"sangat""puas dengan aplikasi shoopeğŸ‘",Positif
sekarang buka shopee lgsg video makin mls aja .. mending ky dl aja,Negatif
TOLONG ADAIN FITUR EDIT PENILAIAN LEBIH DARI 1 KALI DONG PLISSS BANGET SALAH MASUKAN FOTO DI PENILAIAN ğŸ˜­,Positif
mantap bagus baik pula pelayanannya cepat da terarah sangat sangat melayani kebutuhan rakyat indonesia,Positif
sukses selalu shopee,Positif
i like,Positif
aplikasi gak jelas blokir aja paket seminggu nungguin saat di cek malah di bawa muterÂ²,Negatif
baguss,Positif
Good Job ğŸ‘ğŸ‘ğŸ‘,Positif
cepat n barang bagus harga murah sesuai barang,Positif
sangat membantu untuk keperluan keluarga,Positif
Good mantab is the best,Positif
shopee makin baik aja kualitas barang ny,Positif
bagus mantaf ğŸ‘ğŸ‘ğŸ‘ğŸ‘,Positif
gooood,Positif
sekarang banyak bug di aplikasinya buat hubungin CS di live chat selalu gagal kayak gini kak aplikasi shope sekarang sangat tidak whort it sama sekali,Negatif
bagus dan free ongkir murah,Positif
"masih banyak toko2 yg kurang amanah,beli 2/3 dikirim cuma 1. kadang barang tidak real picture.",Positif
aplikasi ini sangat bagus,Positif
marketplace terbaik di Indonesia,Positif
good luck,Positif
mantap,Positif
"anjin*, tiap buka aplikasi selalu video yg muncul, bikin quota cepat habis, pakai otak dong...dialihkan ke menu utama tetap muncul video dan suaranya. asu.....",Negatif
Terimakasih Shopee Telah Membantu kendala Payletter.. semoga shopee makin jaya selalu dan makin luas.. jgn lupa bagi2 give awaynya juga ea admin shopeee..,Positif
mntaaap,Positif
"banyak barang menarik, tapi belum ketemu yang mau di cari",Positif
ğŸ‘ğŸ‘,Positif
sudah langganan shopee dr dlu tp tahun ini nggak banget kak banyak penjual TDK jujur barang tidak sesuai difoto malah saya dituduh macam2 . kurir juga lelet gtw jam operasional toko jam 9 malam keatas barang ditaruh depan rumah resiko hilang untung aja ga ilang Krn ruko saya depan jalan raya tokonya,Negatif
poko nya bagus aq sngat suka dan g prnah kecawa belanja di sini,Positif
skrng shopee pakai spx jd lambat akhirnya..dulu pakai jnt notif jam 7 pagi selang 2 jam sampai...skrng pakai spx notif jam 7 pagi bs sore bru sampai...stlh di tanya ternyata orderan pagi dan siang di kirim jd satu...dn spx barang selalu nginap di setiap kota jd malah tmbh lama datangnya...satu lagi klo bs buka shopee beranda jgn hanya video...tampalkan semua stasiun seluruh dunia...jd gk ush belanja nonton berita dn iklan,Negatif
paling asik pokonya,Positif
aplikasi anjg ini memang ngelak kali padahal jaringan aku bagus jangan di download lebih baik pakai Tokopedia,Negatif
sangat bgus,Positif
tambah lagi diskon dan cashback nya,Positif
puas blanja di shopee,Positif
mantap,Positif
semoga bermanfaat,Positif
saya sgt puas blnja disini,Positif
sangat membantuğŸ‘ğŸ‘ğŸ‘,Positif
alus,Positif
tidak pernah ada konfirmasi barang datang tauÂ² di balikin ke penjual,Negatif
jangan ragu belanja dishopee.,Positif
setiap beli di sini selalu muraah,Positif
murah dan berkualitas,Positif
bagus...,Positif
KALO PAKET DIBATALIN SHOPEE BERMASALAH DAN ALAMAT TUJUAN NYA LAMA!,Positif
"shopee paling top, aku baru belanja disini, sesuai dengan apa yang aku inginkanğŸ‘ğŸ»",Positif
josss,Positif
"bagus si,cuman kadang lama dibuka aplikasi nya",Positif
aplikasi ini hanya memakan ram hp kalian,Negatif
bagus,Positif
"sejauh ini makin bagus,, the best pokoknya",Positif
puas,Positif
proses cepat banyak promonya,Positif
Sejauh ini tidak pernah mengecewakan,Positif
"knp kasi bintang 2 soalx sistem cod x langsung gk ada saat mau pesan cod ,gk tau knp padahal uda enak pesan cod",Negatif
good,Positif
terbaik untuk shopee,Positif
ok jg,Positif
barang murah dan kualitas bagus,Positif
"dg shopee ,sangat terbantu",Positif
mantap,Positif
good,Positif
usaha mandiri,Positif
lumayan,Positif
ğŸ‘ğŸ‘ğŸ¤¢ğŸ¤¢aplikasi gak jelasğŸ‘,Negatif
mempermudah dalam mencari kebutuhan dan perlengkapan rumah tangga sehari hari,Positif
Bagus Gaayss,Positif
Semoga semakin amanah dalam melayani konsumen agar kami puas dalam membelinya sukses selalu Shopee dan Para partner ny SEMAKIN MAJU oh iya satu lagi mohon untuk dicantumkan nama expedisi dan nama kurir yang mengantarkannya,Positif
cocok,Positif
kalau co selalu gratis ongkir Padahal kirim ke Jayapura ğŸ‘,Positif
mantap,Positif
"pelayanan,pengiriman,produknya sesuai,...mksh ya...",Positif
mempermudah kaum rebahan untuk belanja,Positif
mnto,Positif
ğ›ğšğ ğ®ğ¬ğ¬ ğ­ğšğ©ğ¢ ğ¤ğ®ğ«ğšğ§ğ ğ¢ ğ¡ğšğ«ğ ğš ğ¦ğšğ¡ğšğ¥ ğ§ğ²ğš ğ¤ğšğ¬ğ¢ğ¡ ğğ¢ğ¬ğ¤ğ¨ğ§ğ§,Positif
"Aplikasi mudah digunakan, banyak promo dan mencari apapun ada... metode pembayan juga fleksible dan kurir yang dipilih juga selalu update bila mau kirim barang.",Positif
sangat puas,Positif
mantaapp,Positif
Ya cuma kerja sebagai seorang nelayan tak banyk pengalaman bos,Positif
banyak gratis ongkir,Positif
Bgus di uninstall aja gays masak bayar pake shope pyleter bunga nya dua kali lipat sekali orang mau cod aja gak bisa aneh banget yaa,Positif
Selama beli di shopee dapat barang yang sesua hrg dengan kualitasnya,Positif
Terbaik,Negatif
Jos,Positif
okk sip,Positif
Tolong tambahkan fitur pembayaran menggunakan DanağŸ™,Positif
"shopee, tempat belanja yg luar biasa, apapun ada tanpa hrs keluar rumah",Positif
baik,Positif
belanja jadi mudah,Positif
ok,Positif
sangat memuasakan,Positif
menyenangkan,Positif
selalu utamakan pelayanan dan kualitas,Positif
mantappp pokok nya,Positif
"aku suka dengan Shopee pelayanannya bagus dan koin harian bisa jadi berkurangnya harag belanja, aku suka ngumpulinnya sampai ribuanğŸ˜kalau aku sering hapus Shopee karena ram aku gak memungkinkan, ğŸ¥²tapi setelah itu aku download lagi kok dan hapus aplikasi yang gak terlalu penting, ğŸ˜sukses selalu Shopee dan penjualÂ² produk menggunakan Shopee ğŸ˜˜",Positif
sangat mudah proses nya,Positif
shopee game-nya penipuan! ğŸ¤¬ğŸ˜¡,Negatif
mantap bener,Positif
culas satu transaksi lagi member platinum begitu transaksi keesokan hari jadi 64 transaksi lagi koplak,Negatif
trimah kasih klu order ada yg salah d.infokan dulu sebelum d.kirim jadi yg salah bisa kita liat dulu mantaap,Positif
beli di shopee pee pee pe pe,Positif
amanah,Positif
senang blanja di shoppee jd g prlu cape jln kmna2. Banyak puasnya drpd kecewanya.,Positif
"pernah ketipu, smga aj GK semua toko yg seperti itu.",Positif
nih shoope mantaf lah pokonyaa,Positif
pengalaman saya belanja di sopy ya belum pernah kecewa,Positif
"live streaming shoopefood ganggu banget, videonya gak bisa di pouse jalan terus saat mau cari makanan benerÂ² menggangu!!",Negatif
bagus,Positif
good,Positif
ontime,Positif
ok,Positif
oke lah,Positif
maaf kok apk Shopee ku kok tdk bisa cod padahal tdk pernah pelanggaran,Positif
mempermudah transaksi barang maupun tunai,Positif
mantap,Positif
ğŸ˜‚ğŸ˜‚ğŸ˜‚,Positif
michatku ga bisa dibuka,Positif
sangat baik,Positif
aplikasi bagus dan sering ada voucher,Positif
sangat memudah kan,Positif
saya sebagai penjual semenjak ada kompetisi shopee harga termurah bikin persaingan harga makin gak sehat.....sangat merugikan perintis,Negatif
keren,Positif
semoga pesenan barang lebih cpt LG ....,Positif
sangat membantu untuk mencukupi kebutuhan,Positif
sangat membantu dan memuaskan,Positif
"shopee tidak aman , shopeepay saya di bajak tiba2 di history ada pembelian tanpa saya membeli. kata sandi hanya saya yg tau .rugi saldo hilang ,, masi untung bukan pay leter",Negatif
"Harganya lebih murah, banyak gratis ongkir.",Positif
kenapa tidak bisa cek out sih tolong plis kenapa tidak bisa kenapa ha ğŸ™ğŸ™ğŸ™ğŸ™ğŸ¥º,Negatif
Sangat membantu...,Positif
SAYA UDAH 3MINGGU MINTA BUKA KAN AKUN SAYA BELUM DIACC UDH LAPOR SNA SNI MASIH BELUM KEBUKA AKUN SAYA .KARENA KTP BISA DAFTAR AKUN CUMA SKLI .RIBET LEMOT RAPORAN/PENGADUAN SHOPEE . KALO SAYA INGET EMAIL SAMA PW GAK AKAN SAYA LAPORAN KE SHOPEE .ORNG KANTOR LEMOT LAPROANNYA,Negatif
saya sangat kecewa dengan shpeee ats pelayanan yang tidak baik saya sudh merasakan pengiriman selalu di tunda,Negatif
sangat puas,Positif
Assalamualaikum warahmatullahi wabarakatuh mantap keren banget ğŸ¥°ğŸ¥°ğŸ¥°,Positif
bagus,Positif
gak jelas anjirr.... makin lama pelayanan makin buruk.... paket yang gw lacak udah deket rumah tiba2 di kirim Balik makin jauh.... aneh. ğŸ˜¡ğŸ˜¡ğŸ˜¡,Negatif
membantu banget,Positif
senang belanja di shopee harganya murah,Positif
bagus,Positif
boleh la,Positif
sangat membantu keperluan belanja online saya.,Positif
baik,Positif
jos,Positif
pelayanan bagus,Positif
aplikasi nya udah baguss,Positif
slalu terbaik,Positif
ok,Positif
bagus,Positif
bagus,Positif
mantap buat yang malas pergi ke sana sini beli yg di buth kan disni aj,Positif
good Job,Positif
ok juga,Positif
nyari barang cepat,Positif
sy akan menggunakan aplikasi ini juga bisa,Positif
aplikasi ini sangat bagusss,Positif
pelayanan shopee mantapğŸ‘ğŸ‘ğŸ‘ğŸ‘ğŸ‘ğŸ‘ğŸ‘,Positif
TerbaikğŸ¥°,Positif
akun rusak gk bisa dipake cek out,Negatif
buka apk kok lgsg live & vidio,Negatif
Shopee koyo asu,Negatif
mantab,Positif
Shopee memang oke...,Positif
slalu ok,Positif
mntappp,Positif
bagus,Positif
mantapz. sungguh membantu. Terima kasih,Positif
memudahkan,Positif
sangat membantu kita,Positif
mantap lah,Positif
cepat murah dan aman barangnya...mksh shopee,Positif
keren,Positif
"awalnya sangat bagus tapi akhir-akhir ini jadi kesal, tiap kali buka applikasi ini video/live langsung jalan sendiri dan itu sangat menggangu saat kita ingin mencari barang tertentu, selain itu pesanan lebih sering melampaui estimasi penerimaan yang diberikan. Tolong applikasinya dibenahi dan kecepatan pengirimannya ditingkatkan lagi demi kenyamanan dan kepuasan konsumen.",Positif
bagus,Positif
Aplikasi ini sangat beruguna belanja pun jadi sangat gampang saya suka aplikasi ini terimakasih Shopee saya kasih bintang 5,Positif
sangat membantu,Positif
"sangat bagus aplikasinya memuaskan, produk yang ditawarkan nggak mengecewakan saya. pengirimannya sangat tepat dan pelayanannya sangat bagus...terima kasih shopee",Positif
ğŸ‘,Positif
aplikasi nya bagus,Positif
puas,Positif
pengiriman tepat waktu dan kurir nya sangat sopan serta ramah,Positif
mantap jasa kurirnya banyak ok,Positif
sangat puas ketika menggunakan aplikasi shopee,Positif
Shopee bagus murah,Positif
barang nya bagusss dan murahh,Positif
bagus,Positif
pastii dong butuh banget buat beli barang online,Positif
puas,Positif
bagus produknya memang ni aplikasi mantap,Positif
saya daftar shopee later selalu di tolak,Negatif
apk nya sangat di percaya,Positif
mantap,Positif
Aplikasi Paling Cocok untuk berbelanja karena harga barang nya sangat murah murah,Positif
Aplikasi ini sangat membantu semoga sukses shopee,Positif
lumayan bagus jjjjjjjjj,Negatif
bagusss bangettt kalo belanja online shopee,Positif
"nilai 0,karena iklan sangat mengganggu",Negatif
bagus,Positif
terima kasih perwakilan blaem blaem setelah berak sembarangan ğŸ˜˜,Positif
pelayanan cepat,Positif
seru banget banyak gratis ongkir,Positif
informasi jasa kirim buat spx express nya bodoh,Negatif
saya kasih bintang 5 walaupun sp saya di bekukan tanpa jelas,Positif
mantep,Positif
pertahankan ketepatan.waktunya dan mutunya,Positif
Mohon nama Kurir dicantumkan saat paket dalam pengantaran....contoh seperti Ninja express,Positif
"barang nya bagus,, terima kasih",Positif
SANGAT WOWWWWW,Positif
sangat bagus belanja di Shopee ğŸ‘ğŸ»ğŸ¤ğŸ‘ğŸ»ğŸ‘‘,Positif
"recomended bgt , ditambah kurir nya yg baik2 dan sopan mantappp .. sukses selalu shopee",Positif
bagus,Positif
sangat bermanfaat sekali terima kasih,Positif
lmayan,Positif
semoga selalu amanah,Positif
masih baru,Positif
shoppe ğŸ‘ is the best ğŸ‘Œ,Positif
buat aplikasi nya lebih ringan,Positif
"penggunaan voucher terbatas ,apk jelek sampah",Negatif
Verry good,Positif
bagus,Positif
kasi fitur nomor kurir tertera dong biar kita pembeli tauu nomor kurir yg mau ngrim paket kita,Positif
"spinjam San spay later saya di bekukan, saya minta di hapus data saja malah gag di hapusÂ².",Negatif
Pengajuan spinjam gak di acc,Negatif
sangat puas,Positif
"memuaskan,mudah berbelanja",Positif
"ga usah datang ketoko,kalo toko amanah barang sesuai.",Positif
keren,Positif
saya beli di shopee barang datang dengan aman dan sesuai,Positif
"berbelanja lebih mudah, lebih cepat, dan lebih hemat..",Positif
bagus,Positif
sangat membantu sekali...,Positif
cepat penerimaan,Positif
mantap sukses selalu,Positif
ok,Positif
Trmksh shopee memudahkan belanja online.cuma hrs pinter2 pilih prodak karna penjual nya bnyk dan tak semua produk nya sesuai tergantung toko nya yg amanah.,Positif
Aplikasi shopee sangat bagus dan harga terjangkau. ğŸ‘,Positif
suka sekali,Positif
"pengiriman cepat jg kemasannya bagus tapi sangat di sayangkan harusnya kurirnya tetap jadi tau tempatnya yg pesan jg biar nggak tanya2 lagi,klau di jakarta kurirnya tetap itu itu saja jadi sudah tau tempat tinggalnya jg akrab,tlg itu aja",Positif
oklah,Positif
keren,Positif
aplikasi yg sangat membantu,Positif
mantap,Positif
"kenapa si shoppe sekarang enggak bisa milih ekspedisi, aku gak mau ekspedisi anteraja padahal paket sudah sampai tapi belum diantar kurir. apa gak ada kurir atau gimana, klo bisa milih ekspedisi kan enak bisa pilih sendiri yg mana ekspedisi yg bagus dan amanah.",Negatif
baguss,Positif
super lelet shope di tambah kerjasama dengan spx jadi tambah lelet,Negatif
sangat bagus,Positif
okesip,Positif
kirim chat ke penjual gagal terus,Negatif
"Mbantu bagi org yg cari ongkir murah, walau kadang telat",Positif
cari barang apa aja ada kaya kantong ajaib doraemon murah dan kualitas y lumayan sangat membantu masyarakat,Positif
bagus,Positif
Aku belanjanya di shopee,Positif
"Saya sangat suka belanja di shopee ,, harganya murah,, jadi ingin belanja terus deeh ..ğŸ‘ğŸ‘ğŸ‘ğŸ‘ğŸ‘",Positif
"spx lambat, kecewa sudah gak ada j&t dulu shopee sbelum ada spx juga di bantu j&t kau rame wkwk",Negatif
Bagus cepat,Positif
bagus,Positif
Sesuai harapan dan amanah,Positif
Great....,Positif
murah berkualitas dan tepat waktu,Positif
bgus MLS ngetik panjang2,Positif
"kurirnya ramah,dan barang sesuai",Positif
mantaaappp. .,Positif
Ok baik dan bagus sesuai dengan pesanan Terima kasihl,Positif
ini sangatttttt baÄ£uxs wajib beli di sini,Positif
mantap,Positif
pengiriman sangat lambat,Negatif
nyoba belanja cepat sampenya,Positif
produk slalu sesuai pengiriman cepat pokok nya ğŸ‘ğŸ‘ğŸ‘,Positif
aplikasi yang sangat berguna,Positif
good,Positif
masih suka ketemu beberapa toko yg baru dilihat diskripsi barang nya tiba-tiba buat pesanan dan tidak bisa dibatalkan,Positif
iklan kek kntl muncul Mulu babi,Negatif
ok,Positif
belanja mudah dan murah,Positif
Alhamdulillah InsyaAllah gak pernah kecewa belanja disini.,Positif
good,Positif
shopeler,Negatif
good,Positif
bagus banget,Positif
"oke, baik.",Positif
sangat bagus pesan barang di shopee,Positif
Shoooope ğŸ‘ğŸ‘ğŸ‘ğŸ‘ğŸ‘ğŸ‘ğŸ‘ğŸ‘ğŸ‘....Shoooope ğŸ‘ğŸ‘ğŸ‘ğŸ‘ğŸ‘ğŸ‘ğŸ‘ğŸ‘ğŸ‘....ğŸ‘ŒğŸ‘Œ,Positif
buruk,Negatif
lumayan bagus dan membantu dalam kebutuhan sehari-hari,Positif
f5. 2 c berikut c,Positif
best,Positif
Mantap Cuy?,Positif
toko online gratis ongkirnya,Positif
"saya suka shopee sllu free ongkir,god jobğŸ‘ğŸ‘",Positif
seneng belanja di shopee,Positif
"Aplikasi berat bangett, Shoope vidio dan seller pisah aja , saran sih moga jadi ringan apknya",Positif
sanggat membantu banget,Positif
lirik lagu shopee cod shopee cod bayar langsung ditempat.,Positif
ok,Negatif
"ini shopee ada kendala apa hari ini 25 april. 2025, saya order shopeefood dari jam 7 sudah datang jam 8 mana salah yang datang tapi sampe jam 10 belum juga di selesaikan pengiriman dari drivernya, saya chat choki jawababnya tidak memuaskan, terus solusinya bagaimana, saya tidak bisa klaim batal ke tempat order makanan jadinya, driver di chat dan di tlp tidak ada tanggapan, tolong dibantu solusinya",Positif
oke,Positif
pelayanan nya sangat bagus,Positif
"suka masuk ke setiap aplikasi apa saja dan mengganggu setiap saat, tolong jangan masuk tanpa izin",Negatif
"Belanja lebih murah,pelayanan cepat,barang yang dikirim tidak ada yang rusak atau cacat,selalu sesuai dengan pesanan..",Positif
"kenapa sekarang kok lemot banget ya,,padahal selalu di-update.",Positif
shopi puas belanja di shopi,Positif
bagus,Positif
untuk kebutuhan,Positif
"mantab dan reel, sangat membantu.",Positif
mantap,Positif
selalu jadi langganan tempat online,Positif
shopi pelayanannya bagus,Positif
"dgn shopee, lebih mudah membeli sesuatu yg kita inginkan",Positif
